car_id,total_distance_floors,empty_distance_floors,loaded_distance_floors,stop_count,door_open_count,average_load,average_occupancy_rate,busy_seconds,idle_seconds
C1,1080.0,492.0,588.0,279,279,0.7667493487597098,0.05111662325064732,4023.5999999999826,3446.3770000000104
C2,118.0,59.0,59.0,38,38,0.07421453774988018,0.004947635849992012,471.70000000000005,6179.2880000000005
C3,0.0,0.0,0.0,0,0,0.0,0.0,0.0,0.0
