car_id,total_distance_floors,empty_distance_floors,loaded_distance_floors,stop_count,door_open_count,average_load,average_occupancy_rate,busy_seconds,idle_seconds
C1,886.0,356.0,530.0,271,271,1.185200658754091,0.07901337725027274,3532.5999999999876,383.27700000001306
C2,790.0,324.0,466.0,256,256,1.027142612907093,0.06847617419380621,3217.999999999992,700.9300000000112
C3,494.0,220.0,274.0,156,156,0.4987964164635563,0.033253094430903754,1982.4000000000012,1864.8610000000044
