{
  "scheduler_type": "nearest_car",
  "seed": 56,
  "average_waiting_time": 18.07183990719238,
  "median_waiting_time": 15.42300000000023,
  "p95_waiting_time": 37.7099999999989,
  "max_waiting_time": 54.17499999999882,
  "average_ride_time": 22.530394431554427,
  "average_total_service_time": 40.6022343387468,
  "pct_waited_over_30s": 0.1531322505800464,
  "pct_waited_over_60s": 0.0,
  "left_behind_count": 0,
  "left_behind_rate": 0.0,
  "transported_count": 431,
  "throughput_per_hour": 431.0,
  "evaluated_passenger_count": 431
}