car_id,total_distance_floors,empty_distance_floors,loaded_distance_floors,stop_count,door_open_count,average_load,average_occupancy_rate,busy_seconds,idle_seconds
C1,920.0,375.0,545.0,286,286,1.2176925255628734,0.08117950170419157,3685.9999999999877,236.58300000001395
C2,790.0,315.0,475.0,248,248,1.0962467388215822,0.07308311592143882,3177.1999999999944,694.1000000000103
C3,626.0,268.0,358.0,203,203,0.6932322666168436,0.0462154844411229,2535.5999999999976,1398.4350000000081
