{
  "scheduler_type": "nearest_car",
  "seed": 59,
  "average_waiting_time": 18.296421505376014,
  "median_waiting_time": 17.320999999999913,
  "p95_waiting_time": 37.42840000000004,
  "max_waiting_time": 52.367999999997664,
  "average_ride_time": 23.158924731182694,
  "average_total_service_time": 41.45534623655871,
  "pct_waited_over_30s": 0.15913978494623657,
  "pct_waited_over_60s": 0.0,
  "left_behind_count": 0,
  "left_behind_rate": 0.0,
  "transported_count": 465,
  "throughput_per_hour": 465.00000000000006,
  "evaluated_passenger_count": 465
}