car_id,total_distance_floors,empty_distance_floors,loaded_distance_floors,stop_count,door_open_count,average_load,average_occupancy_rate,busy_seconds,idle_seconds
C1,780.0,315.0,465.0,258,258,1.0326418633439647,0.06884279088959765,3208.2999999999915,714.4540000000122
C2,752.0,288.0,464.0,219,219,1.0494834783605844,0.06996556522403896,2949.4999999999945,992.0580000000136
C3,666.0,253.0,413.0,205,205,1.0344322426591037,0.06896214951060692,2665.799999999997,1252.3880000000117
