car_id,total_distance_floors,empty_distance_floors,loaded_distance_floors,stop_count,door_open_count,average_load,average_occupancy_rate,busy_seconds,idle_seconds
C1,952.0,369.0,583.0,281,281,1.5059513427451683,0.10039675618301122,3764.0999999999854,168.96200000000874
C2,766.0,275.0,491.0,233,233,1.1361186036031936,0.0757412402402129,3054.199999999992,818.1950000000119
C3,548.0,214.0,334.0,178,178,0.919443684756077,0.06129624565040513,2237.4999999999995,1612.763000000009
