{
  "scheduler_type": "myopic",
  "seed": 89,
  "average_waiting_time": 18.446244444443856,
  "median_waiting_time": 17.45050000000012,
  "p95_waiting_time": 35.30579999999944,
  "max_waiting_time": 48.35599999999886,
  "average_ride_time": 28.302222222222078,
  "average_total_service_time": 46.748466666665934,
  "pct_waited_over_30s": 0.14666666666666667,
  "pct_waited_over_60s": 0.0,
  "left_behind_count": 0,
  "left_behind_rate": 0.0,
  "transported_count": 450,
  "throughput_per_hour": 450.0,
  "evaluated_passenger_count": 450
}