{
  "scheduler_type": "nearest_car",
  "seed": 46,
  "average_waiting_time": 19.267467213114323,
  "median_waiting_time": 17.65800000000013,
  "p95_waiting_time": 38.55935000000002,
  "max_waiting_time": 69.31099999999833,
  "average_ride_time": 23.769057377049073,
  "average_total_service_time": 43.036524590163395,
  "pct_waited_over_30s": 0.18237704918032788,
  "pct_waited_over_60s": 0.0020491803278688526,
  "left_behind_count": 0,
  "left_behind_rate": 0.0,
  "transported_count": 488,
  "throughput_per_hour": 488.00000000000006,
  "evaluated_passenger_count": 488
}