car_id,total_distance_floors,empty_distance_floors,loaded_distance_floors,stop_count,door_open_count,average_load,average_occupancy_rate,busy_seconds,idle_seconds
C1,882.0,364.0,518.0,252,252,0.9664649703637654,0.06443099802425103,3425.0999999999913,521.758000000012
C2,862.0,376.0,486.0,244,244,0.9031981109635359,0.06021320739756906,3335.1999999999894,582.9880000000126
C3,640.0,254.0,386.0,217,217,0.9674905740951877,0.06449937160634585,2653.2999999999965,1180.019000000012
