{
  "scheduler_type": "prescient",
  "seed": 70,
  "average_waiting_time": 17.49406696428549,
  "median_waiting_time": 16.7014999999995,
  "p95_waiting_time": 35.18204999999945,
  "max_waiting_time": 51.38899999999967,
  "average_ride_time": 23.27477678571416,
  "average_total_service_time": 40.76884374999965,
  "pct_waited_over_30s": 0.109375,
  "pct_waited_over_60s": 0.0,
  "left_behind_count": 0,
  "left_behind_rate": 0.0,
  "transported_count": 448,
  "throughput_per_hour": 448.0,
  "evaluated_passenger_count": 448
}