car_id,total_distance_floors,empty_distance_floors,loaded_distance_floors,stop_count,door_open_count,average_load,average_occupancy_rate,busy_seconds,idle_seconds
C1,1032.0,492.0,540.0,273,273,0.684494987489852,0.04563299916599014,3867.899999999982,3646.399000000007
C2,184.0,86.0,98.0,63,63,0.12128710834455576,0.008085807222970384,755.2000000000005,6657.789000000003
C3,2.0,1.0,1.0,2,2,0.0014985461220796362,9.990307480530908e-05,14.299999999999999,5190.745
