car_id,total_distance_floors,empty_distance_floors,loaded_distance_floors,stop_count,door_open_count,average_load,average_occupancy_rate,busy_seconds,idle_seconds
C1,550.0,272.0,278.0,144,144,0.2624724825631719,0.01749816550421146,2046.1999999999998,5494.019000000001
C2,540.0,262.0,278.0,120,120,0.28212380769105033,0.018808253846070024,1911.9000000000003,5524.197000000005
C3,442.0,221.0,221.0,125,125,0.2247853646206488,0.01498569097470992,1688.5,5816.437
