car_id,total_distance_floors,empty_distance_floors,loaded_distance_floors,stop_count,door_open_count,average_load,average_occupancy_rate,busy_seconds,idle_seconds
C1,770.0,321.0,449.0,264,264,1.1287752775449398,0.07525168516966266,3205.5999999999885,703.9470000000143
C2,690.0,282.0,408.0,243,243,0.9486350324466774,0.06324233549644516,2903.899999999992,1029.0140000000135
C3,746.0,318.0,428.0,208,208,0.8335904957878687,0.055572699719191244,2857.1999999999953,1047.5950000000116
