car_id,total_distance_floors,empty_distance_floors,loaded_distance_floors,stop_count,door_open_count,average_load,average_occupancy_rate,busy_seconds,idle_seconds
C1,1040.0,496.0,544.0,265,265,0.5780073333077276,0.03853382222051517,3845.8999999999833,3678.399000000006
C2,302.0,151.0,151.0,82,82,0.16806345451283042,0.01120423030085536,1138.2000000000012,6391.099000000001
C3,58.0,29.0,29.0,15,15,0.028604629415084966,0.0019069752943389978,215.39999999999995,7237.939000000001
