{
  "scheduler_type": "prescient",
  "seed": 37,
  "average_waiting_time": 14.611878947368373,
  "median_waiting_time": 15.0,
  "p95_waiting_time": 27.793449999999552,
  "max_waiting_time": 42.40499999999929,
  "average_ride_time": 17.195789473684144,
  "average_total_service_time": 31.80766842105252,
  "pct_waited_over_30s": 0.042105263157894736,
  "pct_waited_over_60s": 0.0,
  "left_behind_count": 0,
  "left_behind_rate": 0.0,
  "transported_count": 190,
  "throughput_per_hour": 95.0,
  "evaluated_passenger_count": 190
}