car_id,total_distance_floors,empty_distance_floors,loaded_distance_floors,stop_count,door_open_count,average_load,average_occupancy_rate,busy_seconds,idle_seconds
C1,948.0,450.0,498.0,270,270,0.5769972724369405,0.03846648482912937,3640.0999999999844,3884.1990000000087
C2,274.0,135.0,139.0,77,77,0.1720829011570396,0.011472193410469308,1047.600000000001,6358.7140000000045
C3,52.0,26.0,26.0,16,16,0.02947595308323074,0.001965063538882049,204.39999999999995,5875.1320000000005
