car_id,total_distance_floors,empty_distance_floors,loaded_distance_floors,stop_count,door_open_count,average_load,average_occupancy_rate,busy_seconds,idle_seconds
C1,1096.0,491.0,605.0,278,278,0.7579454157846135,0.0505296943856409,4057.3999999999814,3451.584000000013
C2,230.0,111.0,119.0,84,84,0.14349068459804218,0.009566045639869479,968.5000000000015,6558.121000000001
C3,2.0,1.0,1.0,2,2,0.003114062935211921,0.00020760419568079471,14.299999999999999,7499.999
