car_id,total_distance_floors,empty_distance_floors,loaded_distance_floors,stop_count,door_open_count,average_load,average_occupancy_rate,busy_seconds,idle_seconds
C1,474.0,235.0,239.0,113,113,0.21003283306985135,0.014002188871323424,1712.4000000000003,5816.899
C2,540.0,260.0,280.0,152,152,0.31247065126444973,0.020831376750963315,2062.0,5434.064000000003
C3,488.0,233.0,255.0,125,125,0.2459989967193491,0.016399933114623275,1803.8000000000006,5725.499000000002
