{
  "scheduler_type": "predictive",
  "seed": 5,
  "average_waiting_time": 13.571226130653262,
  "median_waiting_time": 12.5,
  "p95_waiting_time": 24.5604999999995,
  "max_waiting_time": 38.52799999999979,
  "average_ride_time": 16.292462311557745,
  "average_total_service_time": 29.863688442211007,
  "pct_waited_over_30s": 0.020100502512562814,
  "pct_waited_over_60s": 0.0,
  "left_behind_count": 0,
  "left_behind_rate": 0.0,
  "transported_count": 199,
  "throughput_per_hour": 99.5,
  "evaluated_passenger_count": 199
}