car_id,total_distance_floors,empty_distance_floors,loaded_distance_floors,stop_count,door_open_count,average_load,average_occupancy_rate,busy_seconds,idle_seconds
C1,916.0,381.0,535.0,257,257,1.1659235269589585,0.07772823513059723,3535.7999999999893,373.290000000012
C2,900.0,354.0,546.0,264,264,1.1224110290455187,0.07482740193636792,3528.299999999991,402.70200000001023
C3,774.0,321.0,453.0,231,231,0.8793687681179624,0.05862458454119749,3051.5999999999926,853.0190000000134
