{
  "scheduler_type": "prescient",
  "seed": 84,
  "average_waiting_time": 17.86835306553887,
  "median_waiting_time": 17.100000000000136,
  "p95_waiting_time": 34.65059999999839,
  "max_waiting_time": 57.10399999999993,
  "average_ride_time": 24.666384778012567,
  "average_total_service_time": 42.53473784355144,
  "pct_waited_over_30s": 0.10359408033826638,
  "pct_waited_over_60s": 0.0,
  "left_behind_count": 0,
  "left_behind_rate": 0.0,
  "transported_count": 473,
  "throughput_per_hour": 473.0,
  "evaluated_passenger_count": 473
}