car_id,total_distance_floors,empty_distance_floors,loaded_distance_floors,stop_count,door_open_count,average_load,average_occupancy_rate,busy_seconds,idle_seconds
C1,916.0,375.0,541.0,293,293,1.310831963076102,0.08738879753840681,3716.299999999991,205.71300000000917
C2,688.0,283.0,405.0,263,263,0.9456296726213388,0.06304197817475592,2986.6999999999953,934.8140000000105
C3,534.0,225.0,309.0,156,156,0.6210264814824727,0.04140176543216485,2085.6000000000026,1829.8530000000098
