car_id,total_distance_floors,empty_distance_floors,loaded_distance_floors,stop_count,door_open_count,average_load,average_occupancy_rate,busy_seconds,idle_seconds
C1,866.0,315.0,551.0,280,280,1.4207543336962118,0.09471695557974745,3544.7999999999884,349.04700000001344
C2,682.0,263.0,419.0,240,240,0.9887252681844393,0.06591501787896262,2869.7999999999947,1058.18700000001
C3,500.0,196.0,304.0,174,174,0.7046227082271866,0.046974847215145776,2094.900000000003,1850.1900000000053
