{
  "scheduler_type": "myopic",
  "seed": 71,
  "average_waiting_time": 16.70361002178628,
  "median_waiting_time": 15.164999999999964,
  "p95_waiting_time": 34.07369999999999,
  "max_waiting_time": 46.74299999999903,
  "average_ride_time": 24.537037037036935,
  "average_total_service_time": 41.240647058823214,
  "pct_waited_over_30s": 0.10239651416122005,
  "pct_waited_over_60s": 0.0,
  "left_behind_count": 0,
  "left_behind_rate": 0.0,
  "transported_count": 459,
  "throughput_per_hour": 459.0,
  "evaluated_passenger_count": 459
}