{
  "scheduler_type": "predictive",
  "seed": 70,
  "average_waiting_time": 17.52285491071398,
  "median_waiting_time": 15.493000000000023,
  "p95_waiting_time": 34.86449999999923,
  "max_waiting_time": 54.42399999999907,
  "average_ride_time": 25.71651785714272,
  "average_total_service_time": 43.2393727678567,
  "pct_waited_over_30s": 0.12723214285714285,
  "pct_waited_over_60s": 0.0,
  "left_behind_count": 0,
  "left_behind_rate": 0.0,
  "transported_count": 448,
  "throughput_per_hour": 448.0,
  "evaluated_passenger_count": 448
}