car_id,total_distance_floors,empty_distance_floors,loaded_distance_floors,stop_count,door_open_count,average_load,average_occupancy_rate,busy_seconds,idle_seconds
C1,1006.0,470.0,536.0,270,270,0.6495005595281197,0.04330003730187464,3795.199999999984,3750.444000000016
C2,176.0,85.0,91.0,50,50,0.12476971021429553,0.008317980680953036,674.1000000000005,6870.199000000002
C3,0.0,0.0,0.0,0,0,0.0,0.0,0.0,0.0
