car_id,total_distance_floors,empty_distance_floors,loaded_distance_floors,stop_count,door_open_count,average_load,average_occupancy_rate,busy_seconds,idle_seconds
C1,1070.0,493.0,577.0,288,288,0.6328125332052589,0.042187502213683926,4029.3999999999796,3499.528000000007
C2,286.0,138.0,148.0,81,81,0.16824448649488172,0.011216299099658782,1096.2000000000014,6443.423000000001
C3,96.0,43.0,53.0,25,25,0.07635442841749111,0.005090295227832741,358.19999999999993,7176.399
