{
  "scheduler_type": "prescient",
  "seed": 29,
  "average_waiting_time": 13.857086124401883,
  "median_waiting_time": 12.670999999999822,
  "p95_waiting_time": 26.836399999999923,
  "max_waiting_time": 36.044000000000324,
  "average_ride_time": 17.885167464114758,
  "average_total_service_time": 31.74225358851664,
  "pct_waited_over_30s": 0.028708133971291867,
  "pct_waited_over_60s": 0.0,
  "left_behind_count": 0,
  "left_behind_rate": 0.0,
  "transported_count": 209,
  "throughput_per_hour": 104.5,
  "evaluated_passenger_count": 209
}