{
  "scheduler_type": "predictive",
  "seed": 78,
  "average_waiting_time": 18.314139534883417,
  "median_waiting_time": 17.537999999999556,
  "p95_waiting_time": 36.42419999999985,
  "max_waiting_time": 56.60600000000022,
  "average_ride_time": 27.709936575052716,
  "average_total_service_time": 46.024076109936125,
  "pct_waited_over_30s": 0.11205073995771671,
  "pct_waited_over_60s": 0.0,
  "left_behind_count": 0,
  "left_behind_rate": 0.0,
  "transported_count": 473,
  "throughput_per_hour": 473.0,
  "evaluated_passenger_count": 473
}