car_id,total_distance_floors,empty_distance_floors,loaded_distance_floors,stop_count,door_open_count,average_load,average_occupancy_rate,busy_seconds,idle_seconds
C1,914.0,361.0,553.0,268,268,1.2931011467195326,0.08620674311463551,3582.3999999999896,350.47100000001
C2,776.0,305.0,471.0,260,260,1.0970539832106125,0.07313693221404084,3197.699999999994,726.4460000000084
C3,576.0,257.0,319.0,204,204,0.6521799310823175,0.0434786620721545,2417.899999999999,1447.2910000000097
