{
  "scheduler_type": "nearest_car",
  "seed": 83,
  "average_waiting_time": 18.107884782608437,
  "median_waiting_time": 16.766000000000076,
  "p95_waiting_time": 37.853150000000184,
  "max_waiting_time": 60.70900000000029,
  "average_ride_time": 23.902391304347727,
  "average_total_service_time": 42.01027608695616,
  "pct_waited_over_30s": 0.14782608695652175,
  "pct_waited_over_60s": 0.002173913043478261,
  "left_behind_count": 0,
  "left_behind_rate": 0.0,
  "transported_count": 460,
  "throughput_per_hour": 459.99999999999994,
  "evaluated_passenger_count": 460
}