car_id,total_distance_floors,empty_distance_floors,loaded_distance_floors,stop_count,door_open_count,average_load,average_occupancy_rate,busy_seconds,idle_seconds
C1,862.0,348.0,514.0,298,298,1.3339999088255117,0.08893332725503411,3595.19999999999,331.3370000000068
C2,736.0,299.0,437.0,250,250,0.9683316897963998,0.06455544598642665,3051.8999999999946,871.5490000000096
C3,616.0,263.0,353.0,192,192,0.6666274203088673,0.044441828020591156,2457.1999999999985,1466.7310000000095
