car_id,total_distance_floors,empty_distance_floors,loaded_distance_floors,stop_count,door_open_count,average_load,average_occupancy_rate,busy_seconds,idle_seconds
C1,562.0,269.0,293.0,145,145,0.31387200963485995,0.020924800642323996,2085.4,5221.400000000005
C2,406.0,195.0,211.0,112,112,0.22999201509295059,0.015332801006196706,1539.7000000000005,5503.588000000002
C3,506.0,249.0,257.0,124,124,0.275389239481205,0.01835928263208033,1845.1000000000008,5471.090000000005
