{
  "scheduler_type": "predictive",
  "seed": 21,
  "average_waiting_time": 14.288060301507496,
  "median_waiting_time": 15.0,
  "p95_waiting_time": 27.15279999999934,
  "max_waiting_time": 36.289999999999964,
  "average_ride_time": 16.88241206030142,
  "average_total_service_time": 31.170472361808912,
  "pct_waited_over_30s": 0.03015075376884422,
  "pct_waited_over_60s": 0.0,
  "left_behind_count": 0,
  "left_behind_rate": 0.0,
  "transported_count": 199,
  "throughput_per_hour": 99.5,
  "evaluated_passenger_count": 199
}