car_id,total_distance_floors,empty_distance_floors,loaded_distance_floors,stop_count,door_open_count,average_load,average_occupancy_rate,busy_seconds,idle_seconds
C1,874.0,337.0,537.0,264,264,1.2810407403559152,0.08540271602372768,3473.6999999999884,433.82600000001145
C2,864.0,343.0,521.0,248,248,1.2218147034149713,0.0814543135609981,3362.899999999991,546.9400000000111
C3,676.0,274.0,402.0,213,213,0.9057287898994482,0.060381919326629875,2723.0999999999967,1209.755000000008
