{
  "scheduler_type": "predictive",
  "seed": 84,
  "average_waiting_time": 18.50152219873098,
  "median_waiting_time": 17.5,
  "p95_waiting_time": 37.49259999999767,
  "max_waiting_time": 60.41999999999689,
  "average_ride_time": 26.23488372093012,
  "average_total_service_time": 44.7364059196611,
  "pct_waited_over_30s": 0.1331923890063425,
  "pct_waited_over_60s": 0.0021141649048625794,
  "left_behind_count": 0,
  "left_behind_rate": 0.0,
  "transported_count": 473,
  "throughput_per_hour": 473.0,
  "evaluated_passenger_count": 473
}