car_id,total_distance_floors,empty_distance_floors,loaded_distance_floors,stop_count,door_open_count,average_load,average_occupancy_rate,busy_seconds,idle_seconds
C1,890.0,368.0,522.0,286,286,1.2369866618948215,0.08246577745965476,3613.599999999987,303.8230000000143
C2,922.0,387.0,535.0,259,259,1.046034737908729,0.06973564919391526,3556.0999999999904,374.6490000000084
C3,508.0,231.0,277.0,177,177,0.5727325096083065,0.03818216730722043,2115.1000000000017,1735.2140000000063
