car_id,total_distance_floors,empty_distance_floors,loaded_distance_floors,stop_count,door_open_count,average_load,average_occupancy_rate,busy_seconds,idle_seconds
C1,906.0,370.0,536.0,264,264,1.1258732172262607,0.0750582144817507,3545.9999999999886,409.77400000001234
C2,830.0,338.0,492.0,250,250,1.202680350049009,0.08017869000326727,3300.8999999999924,593.0690000000103
C3,826.0,329.0,497.0,234,234,1.2002156864947746,0.08001437909965164,3208.099999999993,708.6960000000104
