{
  "scheduler_type": "prescient",
  "seed": 91,
  "average_waiting_time": 18.41725933609925,
  "median_waiting_time": 17.5,
  "p95_waiting_time": 36.84149999999747,
  "max_waiting_time": 56.896000000000186,
  "average_ride_time": 26.05871369294595,
  "average_total_service_time": 44.47597302904519,
  "pct_waited_over_30s": 0.12240663900414937,
  "pct_waited_over_60s": 0.0,
  "left_behind_count": 0,
  "left_behind_rate": 0.0,
  "transported_count": 482,
  "throughput_per_hour": 482.0,
  "evaluated_passenger_count": 482
}