car_id,total_distance_floors,empty_distance_floors,loaded_distance_floors,stop_count,door_open_count,average_load,average_occupancy_rate,busy_seconds,idle_seconds
C1,840.0,328.0,512.0,241,241,1.1600866492034343,0.07733910994689562,3275.2999999999906,643.0280000000112
C2,728.0,290.0,438.0,218,218,1.0695968397176219,0.07130645598117479,2886.8999999999946,1001.1070000000119
C3,686.0,286.0,400.0,191,191,0.8832133084140732,0.05888088722760488,2645.2999999999965,1274.0250000000103
