{
  "scheduler_type": "predictive",
  "seed": 62,
  "average_waiting_time": 18.91052913752885,
  "median_waiting_time": 17.79799999999932,
  "p95_waiting_time": 35.4529999999975,
  "max_waiting_time": 48.1979999999985,
  "average_ride_time": 26.99417249417237,
  "average_total_service_time": 45.90470163170122,
  "pct_waited_over_30s": 0.1445221445221445,
  "pct_waited_over_60s": 0.0,
  "left_behind_count": 0,
  "left_behind_rate": 0.0,
  "transported_count": 429,
  "throughput_per_hour": 429.0,
  "evaluated_passenger_count": 429
}