car_id,total_distance_floors,empty_distance_floors,loaded_distance_floors,stop_count,door_open_count,average_load,average_occupancy_rate,busy_seconds,idle_seconds
C1,1096.0,495.0,601.0,289,289,0.7266885409779491,0.04844590273186327,4114.699999999978,3415.899000000016
C2,190.0,91.0,99.0,63,63,0.12542414990973444,0.008361609993982297,768.9000000000008,6226.563
C3,6.0,3.0,3.0,4,4,0.0026991776902972465,0.00017994517935314978,33.6,6672.146
