car_id,total_distance_floors,empty_distance_floors,loaded_distance_floors,stop_count,door_open_count,average_load,average_occupancy_rate,busy_seconds,idle_seconds
C1,954.0,439.0,515.0,270,270,0.7051247355328957,0.04700831570219304,3668.3999999999833,3777.233000000016
C2,160.0,76.0,84.0,50,50,0.10441219267826161,0.0069608128452174406,632.8000000000002,6119.2850000000035
C3,2.0,1.0,1.0,3,3,0.005056034230605302,0.00033706894870702016,18.6,4767.76
