{
  "scheduler_type": "myopic",
  "seed": 35,
  "average_waiting_time": 13.973893258426868,
  "median_waiting_time": 13.666500000000042,
  "p95_waiting_time": 25.81020000000058,
  "max_waiting_time": 32.05199999999968,
  "average_ride_time": 17.59943820224701,
  "average_total_service_time": 31.57333146067388,
  "pct_waited_over_30s": 0.028089887640449437,
  "pct_waited_over_60s": 0.0,
  "left_behind_count": 0,
  "left_behind_rate": 0.0,
  "transported_count": 178,
  "throughput_per_hour": 89.0,
  "evaluated_passenger_count": 178
}