car_id,total_distance_floors,empty_distance_floors,loaded_distance_floors,stop_count,door_open_count,average_load,average_occupancy_rate,busy_seconds,idle_seconds
C1,952.0,441.0,511.0,252,252,0.6084473963984355,0.040563159759895696,3568.5999999999863,3935.5820000000094
C2,256.0,121.0,135.0,75,75,0.20208505605213878,0.013472337070142585,992.3000000000011,6527.306000000003
C3,36.0,18.0,18.0,10,10,0.01678526308576194,0.0011190175390507961,136.49999999999997,5350.456
