car_id,total_distance_floors,empty_distance_floors,loaded_distance_floors,stop_count,door_open_count,average_load,average_occupancy_rate,busy_seconds,idle_seconds
C1,1094.0,507.0,587.0,274,274,0.6862152630821529,0.045747684205476855,4032.7999999999815,3499.6760000000118
C2,276.0,127.0,149.0,86,86,0.19567066541961944,0.01304471102797463,1093.4000000000012,6441.199000000004
C3,14.0,7.0,7.0,6,6,0.013316855164846587,0.0008877903443231058,62.900000000000006,7461.399
