{
  "scheduler_type": "myopic",
  "seed": 17,
  "average_waiting_time": 14.917133663366268,
  "median_waiting_time": 13.623000000000047,
  "p95_waiting_time": 31.315450000000627,
  "max_waiting_time": 39.86800000000039,
  "average_ride_time": 18.668811881187985,
  "average_total_service_time": 33.58594554455425,
  "pct_waited_over_30s": 0.054455445544554455,
  "pct_waited_over_60s": 0.0,
  "left_behind_count": 0,
  "left_behind_rate": 0.0,
  "transported_count": 202,
  "throughput_per_hour": 101.0,
  "evaluated_passenger_count": 202
}