car_id,total_distance_floors,empty_distance_floors,loaded_distance_floors,stop_count,door_open_count,average_load,average_occupancy_rate,busy_seconds,idle_seconds
C1,888.0,364.0,524.0,274,274,1.2477129724664175,0.0831808648310945,3551.4999999999886,370.07500000001295
C2,822.0,345.0,477.0,266,266,1.0304339849562734,0.0686955989970849,3334.9999999999914,589.5600000000122
C3,708.0,319.0,389.0,207,207,0.695356723340696,0.046357114889379734,2763.1999999999957,1149.4680000000094
