{
  "scheduler_type": "nearest_car",
  "seed": 74,
  "average_waiting_time": 18.6649784482756,
  "median_waiting_time": 17.674999999999613,
  "p95_waiting_time": 36.540999999998824,
  "max_waiting_time": 54.72600000000125,
  "average_ride_time": 22.96896551724125,
  "average_total_service_time": 41.63394396551685,
  "pct_waited_over_30s": 0.16379310344827586,
  "pct_waited_over_60s": 0.0,
  "left_behind_count": 0,
  "left_behind_rate": 0.0,
  "transported_count": 464,
  "throughput_per_hour": 464.0,
  "evaluated_passenger_count": 464
}