car_id,total_distance_floors,empty_distance_floors,loaded_distance_floors,stop_count,door_open_count,average_load,average_occupancy_rate,busy_seconds,idle_seconds
C1,874.0,363.0,511.0,260,260,0.9627335917368599,0.06418223944912399,3440.5999999999885,484.78500000001316
C2,828.0,355.0,473.0,246,246,0.9381497682453437,0.0625433178830229,3261.099999999993,664.819000000009
C3,782.0,299.0,483.0,234,234,1.041636342743325,0.069442422849555,3096.3999999999937,819.6500000000067
