{
  "scheduler_type": "prescient",
  "seed": 79,
  "average_waiting_time": 19.091764578833512,
  "median_waiting_time": 17.261999999999716,
  "p95_waiting_time": 41.4022000000003,
  "max_waiting_time": 74.8760000000002,
  "average_ride_time": 22.78293736501071,
  "average_total_service_time": 41.87470194384422,
  "pct_waited_over_30s": 0.1490280777537797,
  "pct_waited_over_60s": 0.008639308855291577,
  "left_behind_count": 0,
  "left_behind_rate": 0.0,
  "transported_count": 463,
  "throughput_per_hour": 463.00000000000006,
  "evaluated_passenger_count": 463
}