car_id,total_distance_floors,empty_distance_floors,loaded_distance_floors,stop_count,door_open_count,average_load,average_occupancy_rate,busy_seconds,idle_seconds
C1,904.0,345.0,559.0,277,277,1.3729048120686038,0.09152698747124026,3611.9999999999854,321.77600000001434
C2,862.0,358.0,504.0,228,228,0.9514136588863089,0.06342757725908726,3257.899999999992,675.5100000000112
C3,524.0,232.0,292.0,178,178,0.5744410971512446,0.038296073143416307,2161.2000000000007,1582.7870000000098
