{
  "scheduler_type": "nearest_car",
  "seed": 64,
  "average_waiting_time": 18.573489311163623,
  "median_waiting_time": 17.708000000000084,
  "p95_waiting_time": 36.67899999999827,
  "max_waiting_time": 47.2199999999998,
  "average_ride_time": 23.87719714964357,
  "average_total_service_time": 42.45068646080719,
  "pct_waited_over_30s": 0.1377672209026128,
  "pct_waited_over_60s": 0.0,
  "left_behind_count": 0,
  "left_behind_rate": 0.0,
  "transported_count": 421,
  "throughput_per_hour": 421.0,
  "evaluated_passenger_count": 421
}