car_id,total_distance_floors,empty_distance_floors,loaded_distance_floors,stop_count,door_open_count,average_load,average_occupancy_rate,busy_seconds,idle_seconds
C1,1132.0,530.0,602.0,298,298,0.659624829613237,0.043974988640882465,4230.599999999981,3327.9390000000085
C2,194.0,93.0,101.0,72,72,0.11007968187892435,0.007338645458594957,821.1000000000012,6566.276000000002
C3,22.0,11.0,11.0,6,6,0.014090851120843616,0.0009393900747229078,82.9,4104.214000000001
