car_id,total_distance_floors,empty_distance_floors,loaded_distance_floors,stop_count,door_open_count,average_load,average_occupancy_rate,busy_seconds,idle_seconds
C1,892.0,354.0,538.0,285,285,1.3489749511729912,0.08993166341153275,3624.7999999999865,302.3300000000131
C2,840.0,358.0,482.0,248,248,0.9563676331680399,0.06375784221120266,3295.1999999999894,638.852000000013
C3,648.0,257.0,391.0,202,202,0.811273954509705,0.054084930300647,2596.4999999999973,1318.577000000009
