car_id,total_distance_floors,empty_distance_floors,loaded_distance_floors,stop_count,door_open_count,average_load,average_occupancy_rate,busy_seconds,idle_seconds
C1,614.0,294.0,320.0,164,164,0.33626730783659137,0.022417820522439423,2303.099999999998,5134.138000000006
C2,474.0,225.0,249.0,113,113,0.25878467671249944,0.017252311780833297,1714.000000000001,5656.220000000005
C3,502.0,251.0,251.0,120,120,0.2347050964147809,0.01564700642765206,1814.6000000000001,5191.639000000004
