{
  "scheduler_type": "predictive",
  "seed": 33,
  "average_waiting_time": 13.842367647058783,
  "median_waiting_time": 12.5,
  "p95_waiting_time": 25.367649999999227,
  "max_waiting_time": 38.85199999999986,
  "average_ride_time": 16.821568627450883,
  "average_total_service_time": 30.663936274509666,
  "pct_waited_over_30s": 0.014705882352941176,
  "pct_waited_over_60s": 0.0,
  "left_behind_count": 0,
  "left_behind_rate": 0.0,
  "transported_count": 204,
  "throughput_per_hour": 102.0,
  "evaluated_passenger_count": 204
}