car_id,total_distance_floors,empty_distance_floors,loaded_distance_floors,stop_count,door_open_count,average_load,average_occupancy_rate,busy_seconds,idle_seconds
C1,850.0,300.0,550.0,266,266,1.4183842783898903,0.09455895189265935,3438.2999999999893,501.9580000000116
C2,772.0,316.0,456.0,241,241,0.9456527293027617,0.06304351528685077,3103.799999999994,849.5540000000134
C3,452.0,178.0,274.0,165,165,0.7326536272585943,0.04884357515057295,1931.5000000000027,1911.9260000000104
