car_id,total_distance_floors,empty_distance_floors,loaded_distance_floors,stop_count,door_open_count,average_load,average_occupancy_rate,busy_seconds,idle_seconds
C1,1126.0,501.0,625.0,297,297,0.8322815317343496,0.05548543544895664,4226.899999999981,3313.3370000000086
C2,178.0,89.0,89.0,52,52,0.08832156594448515,0.00588810439629901,688.1000000000006,6681.5610000000015
C3,4.0,2.0,2.0,4,4,0.012983478523578744,0.0008655652349052497,28.599999999999998,3575.981
