{
  "scheduler_type": "nearest_car",
  "seed": 43,
  "average_waiting_time": 18.297900900900515,
  "median_waiting_time": 16.887999999999693,
  "p95_waiting_time": 38.43389999999781,
  "max_waiting_time": 53.985000000000355,
  "average_ride_time": 24.32387387387374,
  "average_total_service_time": 42.62177477477426,
  "pct_waited_over_30s": 0.15090090090090091,
  "pct_waited_over_60s": 0.0,
  "left_behind_count": 0,
  "left_behind_rate": 0.0,
  "transported_count": 444,
  "throughput_per_hour": 444.0,
  "evaluated_passenger_count": 444
}