car_id,total_distance_floors,empty_distance_floors,loaded_distance_floors,stop_count,door_open_count,average_load,average_occupancy_rate,busy_seconds,idle_seconds
C1,922.0,381.0,541.0,247,247,1.0598245354868354,0.07065496903245569,3496.599999999991,402.5360000000105
C2,804.0,325.0,479.0,245,245,1.051424793160464,0.07009498621069761,3192.8999999999905,751.4620000000125
C3,704.0,245.0,459.0,221,221,1.0768101607757379,0.07178734405171586,2839.599999999995,1048.9220000000103
