{
  "scheduler_type": "myopic",
  "seed": 33,
  "average_waiting_time": 15.186911764705696,
  "median_waiting_time": 14.797999999999774,
  "p95_waiting_time": 29.487350000000113,
  "max_waiting_time": 36.74999999999909,
  "average_ride_time": 19.6367647058822,
  "average_total_service_time": 34.82367647058789,
  "pct_waited_over_30s": 0.04411764705882353,
  "pct_waited_over_60s": 0.0,
  "left_behind_count": 0,
  "left_behind_rate": 0.0,
  "transported_count": 204,
  "throughput_per_hour": 102.0,
  "evaluated_passenger_count": 204
}