car_id,total_distance_floors,empty_distance_floors,loaded_distance_floors,stop_count,door_open_count,average_load,average_occupancy_rate,busy_seconds,idle_seconds
C1,968.0,462.0,506.0,255,255,0.5259040131354896,0.03506026754236598,3615.7999999999847,3898.4990000000053
C2,282.0,132.0,150.0,72,72,0.21532655461769062,0.014355103641179374,1045.0000000000011,5624.405000000004
C3,40.0,17.0,23.0,10,10,0.094790353227715,0.006319356881847666,147.79999999999998,3331.457
