car_id,total_distance_floors,empty_distance_floors,loaded_distance_floors,stop_count,door_open_count,average_load,average_occupancy_rate,busy_seconds,idle_seconds
C1,842.0,304.0,538.0,265,265,1.5841053312857325,0.1056070220857155,3420.79999999999,495.98500000001223
C2,754.0,305.0,449.0,241,241,0.9237914759159906,0.06158609839439937,3054.299999999991,865.9570000000118
C3,542.0,238.0,304.0,176,176,0.5979464243894145,0.0398630949592943,2195.2000000000007,1711.83900000001
