{
  "scheduler_type": "myopic",
  "seed": 61,
  "average_waiting_time": 17.979494382022217,
  "median_waiting_time": 17.130999999997584,
  "p95_waiting_time": 36.249000000000066,
  "max_waiting_time": 53.442999999999984,
  "average_ride_time": 25.365393258426828,
  "average_total_service_time": 43.344887640449045,
  "pct_waited_over_30s": 0.1303370786516854,
  "pct_waited_over_60s": 0.0,
  "left_behind_count": 0,
  "left_behind_rate": 0.0,
  "transported_count": 445,
  "throughput_per_hour": 445.0,
  "evaluated_passenger_count": 445
}