car_id,total_distance_floors,empty_distance_floors,loaded_distance_floors,stop_count,door_open_count,average_load,average_occupancy_rate,busy_seconds,idle_seconds
C1,1034.0,471.0,563.0,248,248,0.6752936236999851,0.04501957491333234,3756.999999999986,3702.7180000000094
C2,192.0,96.0,96.0,60,60,0.12317590083736704,0.008211726722491135,761.6000000000007,5785.947000000003
C3,50.0,25.0,25.0,14,14,0.030639171734166398,0.0020426114489444265,190.09999999999997,5404.045999999999
