{
  "scheduler_type": "prescient",
  "seed": 12,
  "average_waiting_time": 15.071064327485349,
  "median_waiting_time": 15.0,
  "p95_waiting_time": 30.942999999999984,
  "max_waiting_time": 44.93000000000029,
  "average_ride_time": 18.239766081871217,
  "average_total_service_time": 33.31083040935657,
  "pct_waited_over_30s": 0.05263157894736842,
  "pct_waited_over_60s": 0.0,
  "left_behind_count": 0,
  "left_behind_rate": 0.0,
  "transported_count": 171,
  "throughput_per_hour": 85.5,
  "evaluated_passenger_count": 171
}