car_id,total_distance_floors,empty_distance_floors,loaded_distance_floors,stop_count,door_open_count,average_load,average_occupancy_rate,busy_seconds,idle_seconds
C1,914.0,360.0,554.0,287,287,1.383977707673459,0.09226518051156393,3687.9999999999873,250.57500000001144
C2,770.0,318.0,452.0,258,258,1.0024321278960537,0.06682880852640358,3178.0999999999926,736.579000000009
C3,698.0,295.0,403.0,211,211,0.7951123451898439,0.05300748967932292,2768.899999999996,1100.1130000000076
