car_id,total_distance_floors,empty_distance_floors,loaded_distance_floors,stop_count,door_open_count,average_load,average_occupancy_rate,busy_seconds,idle_seconds
C1,852.0,314.0,538.0,273,273,1.3539842492225096,0.09026561661483397,3473.6999999999903,391.6330000000089
C2,680.0,251.0,429.0,231,231,1.1732977543478214,0.07821985028985476,2834.6999999999975,1097.2090000000117
C3,496.0,190.0,306.0,172,172,0.6526635141514887,0.04351090094343258,2066.9000000000024,1809.3700000000088
