{
  "scheduler_type": "myopic",
  "seed": 82,
  "average_waiting_time": 16.83578947368383,
  "median_waiting_time": 15.01399999999876,
  "p95_waiting_time": 33.47380000000039,
  "max_waiting_time": 46.23599999999851,
  "average_ride_time": 25.429519450800775,
  "average_total_service_time": 42.2653089244846,
  "pct_waited_over_30s": 0.09839816933638444,
  "pct_waited_over_60s": 0.0,
  "left_behind_count": 0,
  "left_behind_rate": 0.0,
  "transported_count": 437,
  "throughput_per_hour": 437.0,
  "evaluated_passenger_count": 437
}