car_id,total_distance_floors,empty_distance_floors,loaded_distance_floors,stop_count,door_open_count,average_load,average_occupancy_rate,busy_seconds,idle_seconds
C1,838.0,327.0,511.0,288,288,1.242182515011205,0.08281216766741366,3497.8999999999905,413.84400000001204
C2,818.0,349.0,469.0,238,238,0.9414528076026104,0.0627635205068407,3199.8999999999933,733.0640000000092
C3,518.0,201.0,317.0,177,177,0.668236789472698,0.04454911929817987,2145.5000000000027,1706.4280000000094
