car_id,total_distance_floors,empty_distance_floors,loaded_distance_floors,stop_count,door_open_count,average_load,average_occupancy_rate,busy_seconds,idle_seconds
C1,520.0,254.0,266.0,135,135,0.29767844031457424,0.01984522935430495,1931.0,5475.314000000001
C2,502.0,245.0,257.0,147,147,0.29736358643412397,0.019824239095608265,1943.4000000000003,5445.198000000005
C3,382.0,183.0,199.0,95,95,0.15535001998192788,0.010356667998795192,1398.7000000000005,6125.599000000001
