{
  "scheduler_type": "predictive",
  "seed": 48,
  "average_waiting_time": 13.219384615384595,
  "median_waiting_time": 12.5,
  "p95_waiting_time": 24.548999999999886,
  "max_waiting_time": 37.19200000000001,
  "average_ride_time": 15.772820512820456,
  "average_total_service_time": 28.99220512820505,
  "pct_waited_over_30s": 0.020512820512820513,
  "pct_waited_over_60s": 0.0,
  "left_behind_count": 0,
  "left_behind_rate": 0.0,
  "transported_count": 195,
  "throughput_per_hour": 97.5,
  "evaluated_passenger_count": 195
}