car_id,total_distance_floors,empty_distance_floors,loaded_distance_floors,stop_count,door_open_count,average_load,average_occupancy_rate,busy_seconds,idle_seconds
C1,1062.0,479.0,583.0,261,261,0.7541035733522377,0.050273571556815846,3894.5999999999863,3565.1180000000113
C2,146.0,69.0,77.0,46,46,0.09879777419558253,0.006586518279705502,580.2000000000003,5953.348000000003
C3,14.0,7.0,7.0,5,5,0.022546532908449112,0.0015031021938966074,57.900000000000006,4789.852
