car_id,total_distance_floors,empty_distance_floors,loaded_distance_floors,stop_count,door_open_count,average_load,average_occupancy_rate,busy_seconds,idle_seconds
C1,908.0,321.0,587.0,277,277,1.6572497930686991,0.11048331953791328,3646.89999999999,243.28000000000944
C2,770.0,300.0,470.0,250,250,1.225508892337163,0.08170059282247753,3150.9999999999914,755.6220000000113
C3,598.0,260.0,338.0,189,189,0.6867087083582496,0.04578058055721664,2405.199999999999,1519.3170000000086
