{
  "scheduler_type": "myopic",
  "seed": 87,
  "average_waiting_time": 19.026757763974853,
  "median_waiting_time": 17.5,
  "p95_waiting_time": 36.907199999998646,
  "max_waiting_time": 54.865999999999076,
  "average_ride_time": 27.092753623188283,
  "average_total_service_time": 46.11951138716313,
  "pct_waited_over_30s": 0.14906832298136646,
  "pct_waited_over_60s": 0.0,
  "left_behind_count": 0,
  "left_behind_rate": 0.0,
  "transported_count": 483,
  "throughput_per_hour": 482.99999999999994,
  "evaluated_passenger_count": 483
}