car_id,total_distance_floors,empty_distance_floors,loaded_distance_floors,stop_count,door_open_count,average_load,average_occupancy_rate,busy_seconds,idle_seconds
C1,896.0,383.0,513.0,266,266,0.9969853547079772,0.06646569031386515,3524.099999999989,401.73500000001206
C2,880.0,370.0,510.0,251,251,1.033792187748826,0.06891947918325507,3419.8999999999915,485.9140000000121
C3,788.0,327.0,461.0,226,226,0.9440604805892964,0.06293736537261976,3066.799999999993,833.1620000000107
