car_id,total_distance_floors,empty_distance_floors,loaded_distance_floors,stop_count,door_open_count,average_load,average_occupancy_rate,busy_seconds,idle_seconds
C1,464.0,224.0,240.0,113,113,0.23493147519730592,0.01566209834648706,1687.7000000000005,5518.231000000004
C2,464.0,226.0,238.0,109,109,0.25557105607108976,0.017038070404739317,1668.8000000000004,5533.111000000002
C3,488.0,235.0,253.0,132,132,0.27028746332675074,0.018019164221783384,1840.3000000000006,5658.013000000002
