{
  "scheduler_type": "predictive",
  "seed": 49,
  "average_waiting_time": 14.281497237569031,
  "median_waiting_time": 15.0,
  "p95_waiting_time": 26.044999999999163,
  "max_waiting_time": 34.05199999999968,
  "average_ride_time": 16.786740331491647,
  "average_total_service_time": 31.068237569060678,
  "pct_waited_over_30s": 0.016574585635359115,
  "pct_waited_over_60s": 0.0,
  "left_behind_count": 0,
  "left_behind_rate": 0.0,
  "transported_count": 181,
  "throughput_per_hour": 90.5,
  "evaluated_passenger_count": 181
}