car_id,total_distance_floors,empty_distance_floors,loaded_distance_floors,stop_count,door_open_count,average_load,average_occupancy_rate,busy_seconds,idle_seconds
C1,922.0,364.0,558.0,269,269,1.216717947042716,0.08111452980284774,3613.3999999999905,304.9280000000107
C2,822.0,351.0,471.0,229,229,0.8467754056823285,0.05645169371215523,3160.59999999999,764.7620000000113
C3,516.0,210.0,306.0,177,177,0.6275228542433542,0.041834856949556944,2138.5000000000005,1732.1160000000077
