{
  "scheduler_type": "nearest_car",
  "seed": 62,
  "average_waiting_time": 18.752692307692058,
  "median_waiting_time": 17.5,
  "p95_waiting_time": 38.30919999999937,
  "max_waiting_time": 56.816000000000145,
  "average_ride_time": 23.146853146853054,
  "average_total_service_time": 41.899545454545105,
  "pct_waited_over_30s": 0.14685314685314685,
  "pct_waited_over_60s": 0.0,
  "left_behind_count": 0,
  "left_behind_rate": 0.0,
  "transported_count": 429,
  "throughput_per_hour": 429.0,
  "evaluated_passenger_count": 429
}