car_id,total_distance_floors,empty_distance_floors,loaded_distance_floors,stop_count,door_open_count,average_load,average_occupancy_rate,busy_seconds,idle_seconds
C1,456.0,223.0,233.0,119,119,0.26718188131196785,0.017812125420797856,1695.6000000000004,5848.6990000000005
C2,604.0,289.0,315.0,139,139,0.29033860968734165,0.019355907312489443,2161.2,5337.286000000004
C3,516.0,253.0,263.0,125,125,0.25081406254589267,0.016720937503059512,1873.5000000000002,5650.799000000004
