{
  "scheduler_type": "predictive",
  "seed": 43,
  "average_waiting_time": 15.145433673469345,
  "median_waiting_time": 15.0,
  "p95_waiting_time": 28.040999999999713,
  "max_waiting_time": 41.99000000000001,
  "average_ride_time": 17.008673469387702,
  "average_total_service_time": 32.15410714285704,
  "pct_waited_over_30s": 0.04081632653061224,
  "pct_waited_over_60s": 0.0,
  "left_behind_count": 0,
  "left_behind_rate": 0.0,
  "transported_count": 196,
  "throughput_per_hour": 98.0,
  "evaluated_passenger_count": 196
}