car_id,total_distance_floors,empty_distance_floors,loaded_distance_floors,stop_count,door_open_count,average_load,average_occupancy_rate,busy_seconds,idle_seconds
C1,998.0,451.0,547.0,277,277,0.7032147474452909,0.04688098316301939,3808.6999999999825,3687.161000000012
C2,214.0,99.0,115.0,55,55,0.12294283421513254,0.008196188947675502,795.3000000000008,6610.581000000003
C3,8.0,4.0,4.0,4,4,0.00673636127426293,0.00044909075161752866,38.6,6819.702
