car_id,total_distance_floors,empty_distance_floors,loaded_distance_floors,stop_count,door_open_count,average_load,average_occupancy_rate,busy_seconds,idle_seconds
C1,892.0,365.0,527.0,275,275,1.1155955723131425,0.07437303815420951,3569.3999999999883,361.9530000000138
C2,740.0,282.0,458.0,235,235,1.227442879332732,0.0818295252888488,3004.999999999993,905.4060000000115
C3,494.0,187.0,307.0,165,165,0.7282449048323391,0.048549660322155935,2033.9000000000026,1814.256000000004
