{
  "scheduler_type": "myopic",
  "seed": 88,
  "average_waiting_time": 18.10345023696648,
  "median_waiting_time": 16.10699999999997,
  "p95_waiting_time": 35.50329999999701,
  "max_waiting_time": 49.87299999999868,
  "average_ride_time": 25.710663507108897,
  "average_total_service_time": 43.81411374407537,
  "pct_waited_over_30s": 0.15876777251184834,
  "pct_waited_over_60s": 0.0,
  "left_behind_count": 0,
  "left_behind_rate": 0.0,
  "transported_count": 422,
  "throughput_per_hour": 422.0,
  "evaluated_passenger_count": 422
}