car_id,total_distance_floors,empty_distance_floors,loaded_distance_floors,stop_count,door_open_count,average_load,average_occupancy_rate,busy_seconds,idle_seconds
C1,562.0,276.0,286.0,128,128,0.26936390180932424,0.017957593453954947,2004.1000000000006,5522.5210000000025
C2,422.0,208.0,214.0,128,128,0.21150342833044028,0.014100228555362686,1651.400000000001,5862.899000000003
C3,490.0,242.0,248.0,133,133,0.26560184440398293,0.017706789626932194,1845.7,5663.284000000002
