car_id,total_distance_floors,empty_distance_floors,loaded_distance_floors,stop_count,door_open_count,average_load,average_occupancy_rate,busy_seconds,idle_seconds
C1,916.0,391.0,525.0,265,265,1.0177071877544894,0.0678471458502993,3566.7999999999893,357.70800000001014
C2,896.0,368.0,528.0,255,255,1.1552471750837077,0.07701647833891384,3481.39999999999,446.50400000001235
C3,684.0,267.0,417.0,215,215,0.9822139161168082,0.06548092774112055,2754.0999999999963,1178.7500000000105
