car_id,total_distance_floors,empty_distance_floors,loaded_distance_floors,stop_count,door_open_count,average_load,average_occupancy_rate,busy_seconds,idle_seconds
C1,1150.0,540.0,610.0,273,273,0.6320405540149774,0.04213603693433183,4162.29999999998,3387.5320000000065
C2,386.0,177.0,209.0,101,101,0.20482238017731436,0.013654825345154291,1440.5000000000011,6091.880000000005
C3,124.0,57.0,67.0,35,35,0.09200143499874983,0.006133428999916655,473.7,5965.330000000002
