{
  "scheduler_type": "prescient",
  "seed": 45,
  "average_waiting_time": 15.5513783783783,
  "median_waiting_time": 15.0,
  "p95_waiting_time": 30.207600000000046,
  "max_waiting_time": 54.36399999999912,
  "average_ride_time": 18.436936936936824,
  "average_total_service_time": 33.98831531531513,
  "pct_waited_over_30s": 0.05855855855855856,
  "pct_waited_over_60s": 0.0,
  "left_behind_count": 0,
  "left_behind_rate": 0.0,
  "transported_count": 222,
  "throughput_per_hour": 111.0,
  "evaluated_passenger_count": 222
}