car_id,total_distance_floors,empty_distance_floors,loaded_distance_floors,stop_count,door_open_count,average_load,average_occupancy_rate,busy_seconds,idle_seconds
C1,934.0,345.0,589.0,291,291,1.421044614386867,0.09473630762579113,3744.899999999987,180.87400000001344
C2,874.0,363.0,511.0,257,257,1.007320447160517,0.0671546964773678,3429.1999999999884,523.5640000000133
C3,712.0,315.0,397.0,229,229,0.7372351676018601,0.049149011173457345,2872.4999999999936,967.5230000000106
