{
  "scheduler_type": "nearest_car",
  "seed": 52,
  "average_waiting_time": 19.361067901233653,
  "median_waiting_time": 18.69799999999543,
  "p95_waiting_time": 38.42024999999968,
  "max_waiting_time": 67.23499999999967,
  "average_ride_time": 23.687654320987537,
  "average_total_service_time": 43.04872222222118,
  "pct_waited_over_30s": 0.16049382716049382,
  "pct_waited_over_60s": 0.00411522633744856,
  "left_behind_count": 0,
  "left_behind_rate": 0.0,
  "transported_count": 486,
  "throughput_per_hour": 486.00000000000006,
  "evaluated_passenger_count": 486
}