car_id,total_distance_floors,empty_distance_floors,loaded_distance_floors,stop_count,door_open_count,average_load,average_occupancy_rate,busy_seconds,idle_seconds
C1,916.0,402.0,514.0,259,259,1.0435645921502164,0.06957097281001443,3542.299999999989,406.0900000000123
C2,826.0,332.0,494.0,229,229,0.9344979973765147,0.06229986649176765,3180.3999999999915,732.7170000000101
C3,742.0,311.0,431.0,222,222,0.8256098474767628,0.05504065649845085,2923.4999999999936,946.7300000000132
