car_id,total_distance_floors,empty_distance_floors,loaded_distance_floors,stop_count,door_open_count,average_load,average_occupancy_rate,busy_seconds,idle_seconds
C1,830.0,328.0,502.0,279,279,1.1635810469109875,0.07757206979406583,3428.399999999991,514.5140000000124
C2,794.0,308.0,486.0,244,244,1.2857329196310325,0.08571552797540218,3170.5999999999926,723.9880000000117
C3,516.0,203.0,313.0,190,190,0.691920868328308,0.04612805788855387,2205.4000000000015,1732.1890000000064
