car_id,total_distance_floors,empty_distance_floors,loaded_distance_floors,stop_count,door_open_count,average_load,average_occupancy_rate,busy_seconds,idle_seconds
C1,466.0,219.0,247.0,124,124,0.2868143225818025,0.019120954838786834,1745.5000000000005,5721.003000000004
C2,500.0,249.0,251.0,135,135,0.22781705783049386,0.015187803855366257,1879.0,5632.729000000004
C3,504.0,243.0,261.0,136,136,0.2676375016065228,0.01784250010710152,1896.3000000000004,5409.851000000005
