{
  "scheduler_type": "predictive",
  "seed": 10,
  "average_waiting_time": 13.624515151515114,
  "median_waiting_time": 12.5,
  "p95_waiting_time": 25.72414999999985,
  "max_waiting_time": 36.77600000000075,
  "average_ride_time": 15.846464646464561,
  "average_total_service_time": 29.470979797979673,
  "pct_waited_over_30s": 0.030303030303030304,
  "pct_waited_over_60s": 0.0,
  "left_behind_count": 0,
  "left_behind_rate": 0.0,
  "transported_count": 198,
  "throughput_per_hour": 99.0,
  "evaluated_passenger_count": 198
}