car_id,total_distance_floors,empty_distance_floors,loaded_distance_floors,stop_count,door_open_count,average_load,average_occupancy_rate,busy_seconds,idle_seconds
C1,1132.0,515.0,617.0,300,300,0.7529128948892417,0.05019419299261611,4248.59999999998,3295.6990000000137
C2,220.0,103.0,117.0,71,71,0.11611454738001518,0.0077409698253343455,882.1000000000013,6637.199
C3,2.0,1.0,1.0,2,2,0.007748862672271457,0.0005165908448180971,14.299999999999999,3005.498
