{
  "scheduler_type": "myopic",
  "seed": 8,
  "average_waiting_time": 13.906029126213507,
  "median_waiting_time": 12.5,
  "p95_waiting_time": 26.307499999998868,
  "max_waiting_time": 38.000999999999294,
  "average_ride_time": 18.16067961165037,
  "average_total_service_time": 32.06670873786388,
  "pct_waited_over_30s": 0.02912621359223301,
  "pct_waited_over_60s": 0.0,
  "left_behind_count": 0,
  "left_behind_rate": 0.0,
  "transported_count": 206,
  "throughput_per_hour": 103.0,
  "evaluated_passenger_count": 206
}