car_id,total_distance_floors,empty_distance_floors,loaded_distance_floors,stop_count,door_open_count,average_load,average_occupancy_rate,busy_seconds,idle_seconds
C1,1008.0,465.0,543.0,269,269,0.6611142956693754,0.04407428637795836,3796.7999999999824,3765.7350000000165
C2,224.0,103.0,121.0,83,83,0.16465940468964554,0.01097729364597637,949.8000000000011,6564.499000000004
C3,26.0,13.0,13.0,8,8,0.025031945117026756,0.001668796341135117,102.2,5087.169
