car_id,total_distance_floors,empty_distance_floors,loaded_distance_floors,stop_count,door_open_count,average_load,average_occupancy_rate,busy_seconds,idle_seconds
C1,596.0,298.0,298.0,149,149,0.27665112018551086,0.01844340801236739,2184.099999999999,5230.654000000002
C2,558.0,277.0,281.0,139,139,0.25000681740500685,0.01666712116033379,2044.6000000000001,5509.594
C3,472.0,232.0,240.0,137,137,0.28688025901481823,0.01912535060098788,1822.2000000000007,5204.425000000005
