car_id,total_distance_floors,empty_distance_floors,loaded_distance_floors,stop_count,door_open_count,average_load,average_occupancy_rate,busy_seconds,idle_seconds
C1,840.0,314.0,526.0,278,278,1.5523485576830736,0.10348990384553823,3479.899999999992,425.79500000001025
C2,802.0,303.0,499.0,254,254,1.2479492723517924,0.08319661815678617,3243.8999999999915,713.2320000000084
C3,446.0,184.0,262.0,161,161,0.5994931001859344,0.03996620667906229,1887.7000000000016,1984.0710000000076
