car_id,total_distance_floors,empty_distance_floors,loaded_distance_floors,stop_count,door_open_count,average_load,average_occupancy_rate,busy_seconds,idle_seconds
C1,1116.0,495.0,621.0,296,296,0.8359954980575425,0.055733033203836164,4196.599999999981,3347.699000000009
C2,208.0,93.0,115.0,53,53,0.10624245527722916,0.0070828303518152775,769.7000000000005,6754.599000000002
C3,0.0,0.0,0.0,0,0,0.0,0.0,0.0,0.0
