{
  "scheduler_type": "myopic",
  "seed": 43,
  "average_waiting_time": 15.71621428571423,
  "median_waiting_time": 15.0,
  "p95_waiting_time": 30.83624999999995,
  "max_waiting_time": 40.17499999999973,
  "average_ride_time": 19.871428571428467,
  "average_total_service_time": 35.5876428571427,
  "pct_waited_over_30s": 0.0663265306122449,
  "pct_waited_over_60s": 0.0,
  "left_behind_count": 0,
  "left_behind_rate": 0.0,
  "transported_count": 196,
  "throughput_per_hour": 98.0,
  "evaluated_passenger_count": 196
}