car_id,total_distance_floors,empty_distance_floors,loaded_distance_floors,stop_count,door_open_count,average_load,average_occupancy_rate,busy_seconds,idle_seconds
C1,896.0,367.0,529.0,259,259,1.1687426099280418,0.07791617399520279,3503.4999999999914,388.5460000000068
C2,738.0,315.0,423.0,223,223,0.8284957976190672,0.05523305317460448,2922.999999999994,1025.119000000012
C3,554.0,237.0,317.0,201,201,0.7220395620025726,0.048135970800171506,2344.9999999999995,1547.1690000000094
