{
  "scheduler_type": "nearest_car",
  "seed": 47,
  "average_waiting_time": 18.174414918414445,
  "median_waiting_time": 17.5,
  "p95_waiting_time": 36.35620000000017,
  "max_waiting_time": 55.59699999999884,
  "average_ride_time": 22.79790209790199,
  "average_total_service_time": 40.97231701631643,
  "pct_waited_over_30s": 0.13986013986013987,
  "pct_waited_over_60s": 0.0,
  "left_behind_count": 0,
  "left_behind_rate": 0.0,
  "transported_count": 429,
  "throughput_per_hour": 429.0,
  "evaluated_passenger_count": 429
}