car_id,total_distance_floors,empty_distance_floors,loaded_distance_floors,stop_count,door_open_count,average_load,average_occupancy_rate,busy_seconds,idle_seconds
C1,938.0,396.0,542.0,268,268,1.0027450759879957,0.06684967173253305,3626.3999999999874,286.0600000000143
C2,818.0,339.0,479.0,243,243,0.9508227424817411,0.06338818283211607,3212.299999999992,706.7270000000111
C3,704.0,283.0,421.0,222,222,0.8385941219179007,0.055906274794526714,2839.5999999999935,1098.1810000000105
