{
  "scheduler_type": "prescient",
  "seed": 54,
  "average_waiting_time": 18.171072368420834,
  "median_waiting_time": 17.160000000000423,
  "p95_waiting_time": 36.61274999999915,
  "max_waiting_time": 59.624000000000706,
  "average_ride_time": 23.192105263157785,
  "average_total_service_time": 41.36317763157862,
  "pct_waited_over_30s": 0.12938596491228072,
  "pct_waited_over_60s": 0.0,
  "left_behind_count": 0,
  "left_behind_rate": 0.0,
  "transported_count": 456,
  "throughput_per_hour": 456.00000000000006,
  "evaluated_passenger_count": 456
}