car_id,total_distance_floors,empty_distance_floors,loaded_distance_floors,stop_count,door_open_count,average_load,average_occupancy_rate,busy_seconds,idle_seconds
C1,1152.0,519.0,633.0,314,314,0.8073396677891214,0.05382264451927476,4374.499999999981,3023.873000000016
C2,224.0,104.0,120.0,73,73,0.15587948309202893,0.010391965539468594,902.700000000001,5921.803000000001
C3,4.0,2.0,2.0,4,4,0.0032481972505259576,0.00021654648336839717,28.599999999999998,4774.064
