{
  "scheduler_type": "myopic",
  "seed": 2,
  "average_waiting_time": 15.47222272727267,
  "median_waiting_time": 15.0,
  "p95_waiting_time": 29.87130000000036,
  "max_waiting_time": 44.08599999999933,
  "average_ride_time": 19.025454545454412,
  "average_total_service_time": 34.49767727272708,
  "pct_waited_over_30s": 0.045454545454545456,
  "pct_waited_over_60s": 0.0,
  "left_behind_count": 0,
  "left_behind_rate": 0.0,
  "transported_count": 220,
  "throughput_per_hour": 110.0,
  "evaluated_passenger_count": 220
}