car_id,total_distance_floors,empty_distance_floors,loaded_distance_floors,stop_count,door_open_count,average_load,average_occupancy_rate,busy_seconds,idle_seconds
C1,872.0,328.0,544.0,264,264,1.355076685131925,0.09033844567546166,3477.699999999989,432.70600000001417
C2,752.0,303.0,449.0,226,226,0.9834273340501326,0.06556182227000884,2981.0999999999926,950.253000000011
C3,608.0,244.0,364.0,184,184,0.7426728459687125,0.049511523064580835,2414.4999999999977,1424.3370000000064
