{
  "scheduler_type": "predictive",
  "seed": 88,
  "average_waiting_time": 19.17322274881484,
  "median_waiting_time": 17.50750000000005,
  "p95_waiting_time": 37.90764999999931,
  "max_waiting_time": 53.565999999997985,
  "average_ride_time": 25.228199052132577,
  "average_total_service_time": 44.401421800947425,
  "pct_waited_over_30s": 0.15165876777251186,
  "pct_waited_over_60s": 0.0,
  "left_behind_count": 0,
  "left_behind_rate": 0.0,
  "transported_count": 422,
  "throughput_per_hour": 422.0,
  "evaluated_passenger_count": 422
}