car_id,total_distance_floors,empty_distance_floors,loaded_distance_floors,stop_count,door_open_count,average_load,average_occupancy_rate,busy_seconds,idle_seconds
C1,802.0,309.0,493.0,255,255,1.1288210569706745,0.0752547371313783,3248.6999999999903,652.1840000000116
C2,760.0,313.0,447.0,224,224,0.9688613983919063,0.06459075989279375,2988.4999999999945,930.4300000000094
C3,608.0,247.0,361.0,201,201,0.7942968051310308,0.05295312034206872,2492.799999999997,1415.1850000000104
