car_id,total_distance_floors,empty_distance_floors,loaded_distance_floors,stop_count,door_open_count,average_load,average_occupancy_rate,busy_seconds,idle_seconds
C1,558.0,269.0,289.0,132,132,0.3128036294536583,0.020853575296910554,2014.3000000000002,5499.999000000001
C2,484.0,238.0,246.0,126,126,0.2650637090601411,0.017670913937342738,1797.5000000000005,5539.604000000003
C3,282.0,132.0,150.0,86,86,0.198352700356274,0.013223513357084934,1108.8000000000013,5700.283000000003
