car_id,total_distance_floors,empty_distance_floors,loaded_distance_floors,stop_count,door_open_count,average_load,average_occupancy_rate,busy_seconds,idle_seconds
C1,1052.0,510.0,542.0,281,281,0.6378135690779971,0.04252090460519981,3952.1999999999825,3572.0990000000074
C2,270.0,129.0,141.0,87,87,0.1505167315929517,0.010034448772863446,1082.8000000000013,6364.877000000002
C3,12.0,3.0,9.0,7,7,0.016057170359317616,0.0010704780239545078,63.20000000000001,4620.066000000001
