car_id,total_distance_floors,empty_distance_floors,loaded_distance_floors,stop_count,door_open_count,average_load,average_occupancy_rate,busy_seconds,idle_seconds
C1,924.0,398.0,526.0,268,268,1.041394465735185,0.069426297715679,3609.2999999999874,305.5470000000148
C2,784.0,334.0,450.0,236,236,0.7866431861973061,0.052442879079820405,3091.699999999991,841.2140000000139
C3,690.0,275.0,415.0,215,215,0.9558682258994977,0.06372454839329984,2770.6999999999966,1065.2890000000093
