{
  "scheduler_type": "prescient",
  "seed": 63,
  "average_waiting_time": 17.884716853932296,
  "median_waiting_time": 16.493999999999687,
  "p95_waiting_time": 36.79100000000021,
  "max_waiting_time": 62.51200000000017,
  "average_ride_time": 22.768089887640325,
  "average_total_service_time": 40.65280674157262,
  "pct_waited_over_30s": 0.1101123595505618,
  "pct_waited_over_60s": 0.0022471910112359553,
  "left_behind_count": 0,
  "left_behind_rate": 0.0,
  "transported_count": 445,
  "throughput_per_hour": 445.0,
  "evaluated_passenger_count": 445
}