{
  "scheduler_type": "predictive",
  "seed": 76,
  "average_waiting_time": 17.484164179104205,
  "median_waiting_time": 16.723999999999705,
  "p95_waiting_time": 33.61699999999937,
  "max_waiting_time": 55.35699999999906,
  "average_ride_time": 24.362260127931602,
  "average_total_service_time": 41.84642430703581,
  "pct_waited_over_30s": 0.11300639658848614,
  "pct_waited_over_60s": 0.0,
  "left_behind_count": 0,
  "left_behind_rate": 0.0,
  "transported_count": 469,
  "throughput_per_hour": 469.0,
  "evaluated_passenger_count": 469
}