{
  "scheduler_type": "predictive",
  "seed": 50,
  "average_waiting_time": 17.800964285713984,
  "median_waiting_time": 16.105500000000006,
  "p95_waiting_time": 37.49844999999912,
  "max_waiting_time": 56.373000000000275,
  "average_ride_time": 27.259374999999853,
  "average_total_service_time": 45.06033928571384,
  "pct_waited_over_30s": 0.14732142857142858,
  "pct_waited_over_60s": 0.0,
  "left_behind_count": 0,
  "left_behind_rate": 0.0,
  "transported_count": 448,
  "throughput_per_hour": 448.0,
  "evaluated_passenger_count": 448
}