car_id,total_distance_floors,empty_distance_floors,loaded_distance_floors,stop_count,door_open_count,average_load,average_occupancy_rate,busy_seconds,idle_seconds
C1,856.0,332.0,524.0,274,274,1.1813880146338138,0.07875920097558758,3473.29999999999,439.55500000001126
C2,848.0,343.0,505.0,240,240,1.083225185777973,0.0722150123851982,3281.59999999999,662.0860000000122
C3,734.0,285.0,449.0,214,214,0.9549945537752135,0.06366630358501423,2881.599999999995,1015.59500000001
