{
  "scheduler_type": "prescient",
  "seed": 73,
  "average_waiting_time": 17.864073170731444,
  "median_waiting_time": 17.209000000000174,
  "p95_waiting_time": 36.435499999999195,
  "max_waiting_time": 57.84400000000028,
  "average_ride_time": 24.306651884700543,
  "average_total_service_time": 42.170725055431994,
  "pct_waited_over_30s": 0.12416851441241686,
  "pct_waited_over_60s": 0.0,
  "left_behind_count": 0,
  "left_behind_rate": 0.0,
  "transported_count": 451,
  "throughput_per_hour": 450.99999999999994,
  "evaluated_passenger_count": 451
}