car_id,total_distance_floors,empty_distance_floors,loaded_distance_floors,stop_count,door_open_count,average_load,average_occupancy_rate,busy_seconds,idle_seconds
C1,908.0,374.0,534.0,269,269,1.3145185277556013,0.08763456851704009,3594.099999999991,319.2720000000119
C2,826.0,347.0,479.0,232,232,0.993433540895277,0.0662289027263518,3193.6999999999907,752.1100000000134
C3,410.0,157.0,253.0,160,160,0.6777901046260962,0.045186006975073086,1797.7000000000023,2073.7050000000104
