{
  "scheduler_type": "myopic",
  "seed": 47,
  "average_waiting_time": 17.65032400932352,
  "median_waiting_time": 17.22599999999784,
  "p95_waiting_time": 35.678199999997624,
  "max_waiting_time": 47.65699999999924,
  "average_ride_time": 25.099300699300542,
  "average_total_service_time": 42.74962470862406,
  "pct_waited_over_30s": 0.11655011655011654,
  "pct_waited_over_60s": 0.0,
  "left_behind_count": 0,
  "left_behind_rate": 0.0,
  "transported_count": 429,
  "throughput_per_hour": 429.0,
  "evaluated_passenger_count": 429
}