car_id,total_distance_floors,empty_distance_floors,loaded_distance_floors,stop_count,door_open_count,average_load,average_occupancy_rate,busy_seconds,idle_seconds
C1,1118.0,524.0,594.0,285,285,0.6410143341648291,0.04273428894432194,4136.49999999998,3403.7370000000046
C2,296.0,148.0,148.0,80,80,0.16346749192398405,0.01089783279493227,1113.6000000000013,6256.061000000002
C3,20.0,10.0,10.0,10,10,0.0263659150798427,0.0017577276719895132,96.5,4011.076000000001
