{
  "scheduler_type": "prescient",
  "seed": 7,
  "average_waiting_time": 14.676663212435205,
  "median_waiting_time": 12.701000000000022,
  "p95_waiting_time": 28.68539999999963,
  "max_waiting_time": 44.375999999999294,
  "average_ride_time": 17.255440414507696,
  "average_total_service_time": 31.932103626942904,
  "pct_waited_over_30s": 0.046632124352331605,
  "pct_waited_over_60s": 0.0,
  "left_behind_count": 0,
  "left_behind_rate": 0.0,
  "transported_count": 193,
  "throughput_per_hour": 96.5,
  "evaluated_passenger_count": 193
}