{
  "scheduler_type": "myopic",
  "seed": 32,
  "average_waiting_time": 15.29338775510196,
  "median_waiting_time": 13.845000000000027,
  "p95_waiting_time": 32.67374999999936,
  "max_waiting_time": 49.46299999999928,
  "average_ride_time": 18.091836734693707,
  "average_total_service_time": 33.385224489795675,
  "pct_waited_over_30s": 0.07653061224489796,
  "pct_waited_over_60s": 0.0,
  "left_behind_count": 0,
  "left_behind_rate": 0.0,
  "transported_count": 196,
  "throughput_per_hour": 98.0,
  "evaluated_passenger_count": 196
}