car_id,total_distance_floors,empty_distance_floors,loaded_distance_floors,stop_count,door_open_count,average_load,average_occupancy_rate,busy_seconds,idle_seconds
C1,1000.0,463.0,537.0,269,269,0.6410880595177866,0.04273920396785244,3769.5999999999844,3542.5000000000086
C2,334.0,164.0,170.0,81,81,0.16007626978384296,0.010671751318922864,1211.6000000000008,6099.290000000001
C3,68.0,34.0,34.0,19,19,0.04400965830322338,0.002933977220214892,258.9999999999999,6373.635
