{
  "scheduler_type": "predictive",
  "seed": 75,
  "average_waiting_time": 17.589590909090685,
  "median_waiting_time": 16.721499999999423,
  "p95_waiting_time": 36.58219999999883,
  "max_waiting_time": 50.65000000000009,
  "average_ride_time": 25.541136363636287,
  "average_total_service_time": 43.130727272726965,
  "pct_waited_over_30s": 0.12045454545454545,
  "pct_waited_over_60s": 0.0,
  "left_behind_count": 0,
  "left_behind_rate": 0.0,
  "transported_count": 440,
  "throughput_per_hour": 440.0,
  "evaluated_passenger_count": 440
}