{
  "scheduler_type": "predictive",
  "seed": 43,
  "average_waiting_time": 18.313522522522305,
  "median_waiting_time": 17.5,
  "p95_waiting_time": 35.88409999999886,
  "max_waiting_time": 56.90499999999997,
  "average_ride_time": 27.119369369369245,
  "average_total_service_time": 45.43289189189156,
  "pct_waited_over_30s": 0.11036036036036036,
  "pct_waited_over_60s": 0.0,
  "left_behind_count": 0,
  "left_behind_rate": 0.0,
  "transported_count": 444,
  "throughput_per_hour": 444.0,
  "evaluated_passenger_count": 444
}