car_id,total_distance_floors,empty_distance_floors,loaded_distance_floors,stop_count,door_open_count,average_load,average_occupancy_rate,busy_seconds,idle_seconds
C1,1072.0,487.0,585.0,292,292,0.7137340086928377,0.04758226724618918,4062.7999999999806,3491.695000000017
C2,206.0,96.0,110.0,67,67,0.1440135203377684,0.009600901355851227,830.1000000000007,6504.628000000005
C3,0.0,0.0,0.0,0,0,0.0,0.0,0.0,0.0
