car_id,total_distance_floors,empty_distance_floors,loaded_distance_floors,stop_count,door_open_count,average_load,average_occupancy_rate,busy_seconds,idle_seconds
C1,422.0,208.0,214.0,109,109,0.22615242639029817,0.015076828426019878,1565.1000000000004,5969.199000000003
C2,428.0,208.0,220.0,119,119,0.23347892086576308,0.015565261391050873,1628.2000000000003,5906.099000000003
C3,514.0,247.0,267.0,129,129,0.296997766835156,0.019799851122343733,1888.3999999999999,5635.8989999999985
