{
  "scheduler_type": "predictive",
  "seed": 13,
  "average_waiting_time": 13.593897297297254,
  "median_waiting_time": 12.5,
  "p95_waiting_time": 25.30839999999998,
  "max_waiting_time": 38.639000000000124,
  "average_ride_time": 16.62108108108104,
  "average_total_service_time": 30.214978378378294,
  "pct_waited_over_30s": 0.021621621621621623,
  "pct_waited_over_60s": 0.0,
  "left_behind_count": 0,
  "left_behind_rate": 0.0,
  "transported_count": 185,
  "throughput_per_hour": 92.5,
  "evaluated_passenger_count": 185
}