car_id,total_distance_floors,empty_distance_floors,loaded_distance_floors,stop_count,door_open_count,average_load,average_occupancy_rate,busy_seconds,idle_seconds
C1,904.0,358.0,546.0,276,276,1.3027757450095523,0.08685171633397015,3603.5999999999876,331.9200000000149
C2,912.0,394.0,518.0,266,266,1.048964925851413,0.06993099505676087,3567.2999999999874,338.1690000000152
C3,756.0,333.0,423.0,222,222,0.8629427490143192,0.057529516600954615,2963.6999999999957,879.0810000000088
