{
  "scheduler_type": "predictive",
  "seed": 90,
  "average_waiting_time": 19.507042222221934,
  "median_waiting_time": 18.316000000000145,
  "p95_waiting_time": 38.232149999999656,
  "max_waiting_time": 62.02000000000044,
  "average_ride_time": 27.089777777777645,
  "average_total_service_time": 46.59681999999958,
  "pct_waited_over_30s": 0.16666666666666666,
  "pct_waited_over_60s": 0.0044444444444444444,
  "left_behind_count": 0,
  "left_behind_rate": 0.0,
  "transported_count": 450,
  "throughput_per_hour": 450.0,
  "evaluated_passenger_count": 450
}