car_id,total_distance_floors,empty_distance_floors,loaded_distance_floors,stop_count,door_open_count,average_load,average_occupancy_rate,busy_seconds,idle_seconds
C1,822.0,357.0,465.0,255,255,1.0938964011243595,0.07292642674162396,3302.89999999999,603.3200000000119
C2,792.0,307.0,485.0,244,244,1.2135227431492634,0.0809015162099509,3173.8999999999937,755.5690000000105
C3,770.0,297.0,473.0,223,223,1.199727759332657,0.07998185062217714,3026.799999999995,857.9980000000121
