car_id,total_distance_floors,empty_distance_floors,loaded_distance_floors,stop_count,door_open_count,average_load,average_occupancy_rate,busy_seconds,idle_seconds
C1,904.0,365.0,539.0,283,283,1.1765721623348224,0.07843814415565482,3622.2999999999874,292.54700000001395
C2,850.0,376.0,474.0,256,256,0.9999201609798719,0.0666613440653248,3363.499999999991,569.4140000000115
C3,476.0,201.0,275.0,179,179,0.5772957117447405,0.0384863807829827,2043.9000000000033,1792.0890000000093
