{
  "scheduler_type": "nearest_car",
  "seed": 63,
  "average_waiting_time": 17.87122247190947,
  "median_waiting_time": 17.084999999999127,
  "p95_waiting_time": 34.98919999999902,
  "max_waiting_time": 58.911999999999864,
  "average_ride_time": 22.40921348314595,
  "average_total_service_time": 40.28043595505542,
  "pct_waited_over_30s": 0.1303370786516854,
  "pct_waited_over_60s": 0.0,
  "left_behind_count": 0,
  "left_behind_rate": 0.0,
  "transported_count": 445,
  "throughput_per_hour": 445.0,
  "evaluated_passenger_count": 445
}