car_id,total_distance_floors,empty_distance_floors,loaded_distance_floors,stop_count,door_open_count,average_load,average_occupancy_rate,busy_seconds,idle_seconds
C1,822.0,348.0,474.0,272,272,1.1267561847108514,0.07511707898072342,3383.999999999988,540.2740000000146
C2,654.0,260.0,394.0,219,219,0.9766409327968251,0.06510939551978834,2700.599999999996,1156.7030000000077
C3,682.0,292.0,390.0,207,207,0.8535596470102903,0.056903976467352686,2711.1999999999957,1179.5650000000105
