car_id,total_distance_floors,empty_distance_floors,loaded_distance_floors,stop_count,door_open_count,average_load,average_occupancy_rate,busy_seconds,idle_seconds
C1,372.0,185.0,187.0,103,103,0.19989371154154348,0.013326247436102898,1411.2000000000005,6094.789000000002
C2,482.0,221.0,261.0,137,137,0.2913624537016234,0.019424163580108227,1851.800000000001,5538.308000000005
C3,496.0,235.0,261.0,124,124,0.27473743962151564,0.018315829308101043,1821.8000000000004,5675.904000000004
