car_id,total_distance_floors,empty_distance_floors,loaded_distance_floors,stop_count,door_open_count,average_load,average_occupancy_rate,busy_seconds,idle_seconds
C1,364.0,177.0,187.0,102,102,0.15586665285365642,0.010391110190243762,1386.900000000001,6055.359000000003
C2,444.0,213.0,231.0,117,117,0.27673053145801113,0.01844870209720074,1659.2000000000005,5771.133000000001
C3,486.0,236.0,250.0,133,133,0.2690152593951055,0.017934350626340367,1835.7,5556.074000000002
