{
  "scheduler_type": "predictive",
  "seed": 35,
  "average_waiting_time": 12.851533707865148,
  "median_waiting_time": 12.5,
  "p95_waiting_time": 23.2003499999998,
  "max_waiting_time": 30.010999999999967,
  "average_ride_time": 15.812921348314564,
  "average_total_service_time": 28.66445505617971,
  "pct_waited_over_30s": 0.0056179775280898875,
  "pct_waited_over_60s": 0.0,
  "left_behind_count": 0,
  "left_behind_rate": 0.0,
  "transported_count": 178,
  "throughput_per_hour": 89.0,
  "evaluated_passenger_count": 178
}