car_id,total_distance_floors,empty_distance_floors,loaded_distance_floors,stop_count,door_open_count,average_load,average_occupancy_rate,busy_seconds,idle_seconds
C1,918.0,376.0,542.0,254,254,0.9335128988551544,0.062234193257010295,3516.4999999999877,404.8170000000117
C2,864.0,363.0,501.0,245,245,0.9193474054789789,0.06128982703193193,3342.699999999989,576.058000000014
C3,808.0,354.0,454.0,245,245,0.9079762539083535,0.0605317502605569,3204.49999999999,721.7040000000127
