car_id,total_distance_floors,empty_distance_floors,loaded_distance_floors,stop_count,door_open_count,average_load,average_occupancy_rate,busy_seconds,idle_seconds
C1,924.0,355.0,569.0,276,276,1.3853716745113416,0.09235811163408944,3660.3999999999864,261.5800000000135
C2,868.0,373.0,495.0,261,261,0.9274576408881566,0.061830509392543774,3426.5999999999894,512.3400000000113
C3,546.0,237.0,309.0,187,187,0.6657955016663027,0.04438636677775352,2262.2000000000007,1593.9390000000055
