{
  "scheduler_type": "nearest_car",
  "seed": 69,
  "average_waiting_time": 18.842817180616457,
  "median_waiting_time": 17.680999999999926,
  "p95_waiting_time": 36.81370000000011,
  "max_waiting_time": 59.11000000000172,
  "average_ride_time": 22.970925110132065,
  "average_total_service_time": 41.81374229074853,
  "pct_waited_over_30s": 0.14757709251101322,
  "pct_waited_over_60s": 0.0,
  "left_behind_count": 0,
  "left_behind_rate": 0.0,
  "transported_count": 454,
  "throughput_per_hour": 454.0,
  "evaluated_passenger_count": 454
}