car_id,total_distance_floors,empty_distance_floors,loaded_distance_floors,stop_count,door_open_count,average_load,average_occupancy_rate,busy_seconds,idle_seconds
C1,848.0,301.0,547.0,284,284,1.5173052601578196,0.10115368401052131,3521.19999999999,408.5300000000117
C2,824.0,331.0,493.0,238,238,1.0750815649454804,0.07167210432969869,3215.199999999992,706.8280000000107
C3,558.0,231.0,327.0,183,183,0.7637397680811876,0.05091598453874584,2282.1000000000004,1632.9770000000099
