{
  "scheduler_type": "myopic",
  "seed": 72,
  "average_waiting_time": 17.94836853448255,
  "median_waiting_time": 16.791500000000042,
  "p95_waiting_time": 36.07339999999942,
  "max_waiting_time": 57.97699999999895,
  "average_ride_time": 26.26465517241368,
  "average_total_service_time": 44.21302370689622,
  "pct_waited_over_30s": 0.15086206896551724,
  "pct_waited_over_60s": 0.0,
  "left_behind_count": 0,
  "left_behind_rate": 0.0,
  "transported_count": 464,
  "throughput_per_hour": 464.0,
  "evaluated_passenger_count": 464
}