car_id,total_distance_floors,empty_distance_floors,loaded_distance_floors,stop_count,door_open_count,average_load,average_occupancy_rate,busy_seconds,idle_seconds
C1,788.0,316.0,472.0,242,242,1.0423300700809646,0.06948867133873098,3151.3999999999905,759.9330000000131
C2,810.0,295.0,515.0,241,241,1.3064744398855928,0.08709829599237286,3205.199999999992,714.8920000000105
C3,698.0,271.0,427.0,206,206,1.0181338147674213,0.06787558765116142,2757.099999999996,1191.1040000000096
