car_id,total_distance_floors,empty_distance_floors,loaded_distance_floors,stop_count,door_open_count,average_load,average_occupancy_rate,busy_seconds,idle_seconds
C1,968.0,407.0,561.0,258,258,1.057194509391989,0.07047963395946594,3668.899999999986,276.1640000000144
C2,840.0,369.0,471.0,235,235,0.8469470406420831,0.05646313604280554,3230.299999999991,673.4860000000128
C3,684.0,273.0,411.0,209,209,0.8449303538321965,0.05632869025547977,2726.2999999999965,1177.2170000000108
