{
  "scheduler_type": "prescient",
  "seed": 47,
  "average_waiting_time": 18.948494172493596,
  "median_waiting_time": 17.5,
  "p95_waiting_time": 37.72359999999976,
  "max_waiting_time": 58.45500000000004,
  "average_ride_time": 22.380186480186325,
  "average_total_service_time": 41.328680652679914,
  "pct_waited_over_30s": 0.13286713286713286,
  "pct_waited_over_60s": 0.0,
  "left_behind_count": 0,
  "left_behind_rate": 0.0,
  "transported_count": 429,
  "throughput_per_hour": 429.0,
  "evaluated_passenger_count": 429
}