car_id,total_distance_floors,empty_distance_floors,loaded_distance_floors,stop_count,door_open_count,average_load,average_occupancy_rate,busy_seconds,idle_seconds
C1,580.0,288.0,292.0,146,146,0.312425261279602,0.02082835075197347,2132.3999999999987,5406.363
C2,480.0,230.0,250.0,127,127,0.2629308977517349,0.017528726516782327,1793.7000000000003,5740.599000000003
C3,612.0,288.0,324.0,141,141,0.32282286058360715,0.021521524038907145,2191.4999999999986,4767.115000000004
