car_id,total_distance_floors,empty_distance_floors,loaded_distance_floors,stop_count,door_open_count,average_load,average_occupancy_rate,busy_seconds,idle_seconds
C1,580.0,276.0,304.0,149,149,0.34641322784781287,0.023094215189854193,2148.0,5338.146000000007
C2,520.0,257.0,263.0,124,124,0.23193295242282813,0.015462196828188541,1881.8000000000009,5541.466000000005
C3,468.0,233.0,235.0,125,125,0.2201220521577244,0.014674803477181626,1753.2000000000005,5683.129000000003
