{
  "scheduler_type": "predictive",
  "seed": 42,
  "average_waiting_time": 14.033728155339798,
  "median_waiting_time": 15.0,
  "p95_waiting_time": 24.55675000000025,
  "max_waiting_time": 36.30499999999938,
  "average_ride_time": 16.67330097087369,
  "average_total_service_time": 30.70702912621349,
  "pct_waited_over_30s": 0.014563106796116505,
  "pct_waited_over_60s": 0.0,
  "left_behind_count": 0,
  "left_behind_rate": 0.0,
  "transported_count": 206,
  "throughput_per_hour": 103.0,
  "evaluated_passenger_count": 206
}