{
  "scheduler_type": "predictive",
  "seed": 83,
  "average_waiting_time": 18.155836956521537,
  "median_waiting_time": 17.39100000000053,
  "p95_waiting_time": 36.01359999999929,
  "max_waiting_time": 58.786000000000286,
  "average_ride_time": 24.195217391304244,
  "average_total_service_time": 42.35105434782578,
  "pct_waited_over_30s": 0.13260869565217392,
  "pct_waited_over_60s": 0.0,
  "left_behind_count": 0,
  "left_behind_rate": 0.0,
  "transported_count": 460,
  "throughput_per_hour": 459.99999999999994,
  "evaluated_passenger_count": 460
}