car_id,total_distance_floors,empty_distance_floors,loaded_distance_floors,stop_count,door_open_count,average_load,average_occupancy_rate,busy_seconds,idle_seconds
C1,914.0,306.0,608.0,286,286,1.6510446680367763,0.11006964453578509,3698.199999999986,223.62000000001416
C2,776.0,284.0,492.0,243,243,1.2029507057716242,0.08019671371810828,3128.2999999999906,751.9920000000146
C3,574.0,235.0,339.0,193,193,0.8037357872065273,0.053582385813768486,2376.4999999999995,1508.7320000000088
