car_id,total_distance_floors,empty_distance_floors,loaded_distance_floors,stop_count,door_open_count,average_load,average_occupancy_rate,busy_seconds,idle_seconds
C1,1146.0,519.0,627.0,301,301,0.7644270226322786,0.05096180150881857,4290.299999999981,3262.939000000011
C2,138.0,65.0,73.0,57,57,0.07721464460982336,0.005147642973988223,610.7000000000005,6908.599
C3,8.0,4.0,4.0,4,4,0.008681121773596343,0.0005787414515730896,38.6,4131.3679999999995
