car_id,total_distance_floors,empty_distance_floors,loaded_distance_floors,stop_count,door_open_count,average_load,average_occupancy_rate,busy_seconds,idle_seconds
C1,472.0,232.0,240.0,124,124,0.21742613960670462,0.014495075973780308,1759.2000000000003,5791.87
C2,554.0,272.0,282.0,141,141,0.2779514420160705,0.018530096134404702,2042.8999999999996,5476.399000000001
C3,490.0,244.0,246.0,111,111,0.26042708282803834,0.017361805521869222,1744.4000000000003,5305.942000000004
