{
  "scheduler_type": "predictive",
  "seed": 19,
  "average_waiting_time": 14.032492063492073,
  "median_waiting_time": 12.5,
  "p95_waiting_time": 26.849799999999885,
  "max_waiting_time": 40.93499999999949,
  "average_ride_time": 16.19206349206345,
  "average_total_service_time": 30.224555555555526,
  "pct_waited_over_30s": 0.021164021164021163,
  "pct_waited_over_60s": 0.0,
  "left_behind_count": 0,
  "left_behind_rate": 0.0,
  "transported_count": 189,
  "throughput_per_hour": 94.5,
  "evaluated_passenger_count": 189
}