car_id,total_distance_floors,empty_distance_floors,loaded_distance_floors,stop_count,door_open_count,average_load,average_occupancy_rate,busy_seconds,idle_seconds
C1,848.0,346.0,502.0,251,251,0.9251729202591831,0.06167819468394554,3332.49999999999,578.9850000000142
C2,884.0,380.0,504.0,254,254,0.9838982269768963,0.06559321513179309,3433.999999999989,493.64200000001347
C3,730.0,310.0,420.0,221,221,0.8536087814971381,0.05690725209980921,2888.7999999999934,1018.142000000013
