{
  "scheduler_type": "prescient",
  "seed": 61,
  "average_waiting_time": 17.981537078651318,
  "median_waiting_time": 17.5,
  "p95_waiting_time": 36.546400000000176,
  "max_waiting_time": 92.52900000000022,
  "average_ride_time": 22.403595505617837,
  "average_total_service_time": 40.38513258426915,
  "pct_waited_over_30s": 0.11685393258426967,
  "pct_waited_over_60s": 0.0044943820224719105,
  "left_behind_count": 0,
  "left_behind_rate": 0.0,
  "transported_count": 445,
  "throughput_per_hour": 445.0,
  "evaluated_passenger_count": 445
}