car_id,total_distance_floors,empty_distance_floors,loaded_distance_floors,stop_count,door_open_count,average_load,average_occupancy_rate,busy_seconds,idle_seconds
C1,424.0,194.0,230.0,122,122,0.3239850183806079,0.021599001225373858,1635.4000000000005,5898.899000000003
C2,380.0,180.0,200.0,102,102,0.22952430702971852,0.015301620468647902,1429.5000000000007,6114.799000000004
C3,506.0,241.0,265.0,128,128,0.25398913081972174,0.016932608721314784,1866.7000000000005,5672.599000000005
