{
  "scheduler_type": "predictive",
  "seed": 26,
  "average_waiting_time": 13.055595505617935,
  "median_waiting_time": 12.5,
  "p95_waiting_time": 21.64864999999952,
  "max_waiting_time": 47.98899999999958,
  "average_ride_time": 17.044382022471822,
  "average_total_service_time": 30.099977528089756,
  "pct_waited_over_30s": 0.016853932584269662,
  "pct_waited_over_60s": 0.0,
  "left_behind_count": 0,
  "left_behind_rate": 0.0,
  "transported_count": 178,
  "throughput_per_hour": 89.0,
  "evaluated_passenger_count": 178
}