car_id,total_distance_floors,empty_distance_floors,loaded_distance_floors,stop_count,door_open_count,average_load,average_occupancy_rate,busy_seconds,idle_seconds
C1,956.0,448.0,508.0,240,240,0.598312630359798,0.039887508690653196,3523.4999999999877,3990.7990000000073
C2,330.0,154.0,176.0,90,90,0.23121196168903463,0.015414130779268976,1248.7000000000012,5344.817
C3,38.0,19.0,19.0,14,14,0.03993319690150021,0.002662213126766681,160.09999999999997,4898.348
