{
  "scheduler_type": "prescient",
  "seed": 34,
  "average_waiting_time": 14.265887005649656,
  "median_waiting_time": 13.490999999999985,
  "p95_waiting_time": 27.882199999999738,
  "max_waiting_time": 39.65599999999904,
  "average_ride_time": 17.976836158192,
  "average_total_service_time": 32.24272316384165,
  "pct_waited_over_30s": 0.02824858757062147,
  "pct_waited_over_60s": 0.0,
  "left_behind_count": 0,
  "left_behind_rate": 0.0,
  "transported_count": 177,
  "throughput_per_hour": 88.5,
  "evaluated_passenger_count": 177
}