car_id,total_distance_floors,empty_distance_floors,loaded_distance_floors,stop_count,door_open_count,average_load,average_occupancy_rate,busy_seconds,idle_seconds
C1,856.0,342.0,514.0,252,252,1.0822053457752858,0.07214702305168572,3359.6999999999903,563.5850000000115
C2,802.0,350.0,452.0,236,236,0.9258339113178751,0.061722260754525006,3141.499999999993,762.8720000000078
C3,682.0,277.0,405.0,210,210,0.8615140785771901,0.05743427190514601,2726.799999999997,1144.756000000009
