car_id,total_distance_floors,empty_distance_floors,loaded_distance_floors,stop_count,door_open_count,average_load,average_occupancy_rate,busy_seconds,idle_seconds
C1,1034.0,478.0,556.0,271,271,0.6733755672875571,0.04489170448583714,3864.299999999981,3605.6770000000106
C2,242.0,121.0,121.0,55,55,0.1293341680965295,0.008622277873101967,861.4000000000007,5789.588000000001
C3,14.0,7.0,7.0,4,4,0.012134498079036696,0.0008089665386024464,53.6,3959.751
