car_id,total_distance_floors,empty_distance_floors,loaded_distance_floors,stop_count,door_open_count,average_load,average_occupancy_rate,busy_seconds,idle_seconds
C1,874.0,375.0,499.0,267,267,1.0206849883729778,0.06804566589153185,3474.999999999989,432.27800000001287
C2,832.0,346.0,486.0,243,243,0.9871837504733116,0.06581225003155411,3250.999999999991,652.326000000013
C3,764.0,301.0,463.0,239,239,1.0203378409421549,0.068022522729477,3072.7999999999934,845.0200000000103
