car_id,total_distance_floors,empty_distance_floors,loaded_distance_floors,stop_count,door_open_count,average_load,average_occupancy_rate,busy_seconds,idle_seconds
C1,1028.0,494.0,534.0,263,263,0.5707815065343569,0.03805210043562379,3805.599999999983,3651.3690000000074
C2,296.0,137.0,159.0,82,82,0.18170587306229166,0.012113724870819444,1123.900000000001,6340.911000000004
C3,36.0,15.0,21.0,12,12,0.03172396010792592,0.0021149306738617282,147.10000000000002,4196.620000000001
