car_id,total_distance_floors,empty_distance_floors,loaded_distance_floors,stop_count,door_open_count,average_load,average_occupancy_rate,busy_seconds,idle_seconds
C1,506.0,248.0,258.0,126,126,0.29254303806925114,0.019502869204616743,1854.1000000000001,5440.895000000005
C2,332.0,166.0,166.0,91,91,0.17295637317183857,0.01153042487812257,1254.100000000001,5732.6330000000025
C3,464.0,226.0,238.0,115,115,0.2558821743567501,0.01705881162378334,1697.0000000000007,5829.511000000003
