car_id,total_distance_floors,empty_distance_floors,loaded_distance_floors,stop_count,door_open_count,average_load,average_occupancy_rate,busy_seconds,idle_seconds
C1,842.0,322.0,520.0,309,309,1.5111305466918867,0.10074203644612578,3619.0999999999894,309.5480000000117
C2,738.0,303.0,435.0,224,224,1.0182321136037158,0.06788214090691438,2937.3999999999946,987.0490000000113
C3,506.0,192.0,314.0,174,174,0.8449396589768773,0.056329310598458485,2117.8000000000025,1813.6050000000073
