car_id,total_distance_floors,empty_distance_floors,loaded_distance_floors,stop_count,door_open_count,average_load,average_occupancy_rate,busy_seconds,idle_seconds
C1,562.0,277.0,285.0,146,146,0.2875146077708285,0.019167640518055234,2086.4999999999995,5336.775000000002
C2,482.0,230.0,252.0,135,135,0.26843445335927835,0.01789563022395189,1836.3000000000002,5609.093000000002
C3,372.0,186.0,186.0,112,112,0.2136012936221698,0.014240086241477988,1452.4000000000008,6071.899000000001
