car_id,total_distance_floors,empty_distance_floors,loaded_distance_floors,stop_count,door_open_count,average_load,average_occupancy_rate,busy_seconds,idle_seconds
C1,854.0,339.0,515.0,265,265,1.2501834107480845,0.08334556071653897,3433.699999999989,512.3610000000124
C2,840.0,336.0,504.0,246,246,1.0049900849800664,0.0669993389986711,3292.0999999999917,637.2920000000097
C3,550.0,225.0,325.0,173,173,0.6914942325321993,0.04609961550214662,2209.2000000000003,1678.4680000000087
