car_id,total_distance_floors,empty_distance_floors,loaded_distance_floors,stop_count,door_open_count,average_load,average_occupancy_rate,busy_seconds,idle_seconds
C1,852.0,312.0,540.0,280,280,1.624669505127311,0.10831130034182074,3508.499999999989,395.4940000000124
C2,740.0,288.0,452.0,220,220,1.1494630601617006,0.07663087067744671,2936.2999999999956,958.7360000000097
C3,598.0,259.0,339.0,173,173,0.6802004587628613,0.045346697250857416,2337.699999999999,1602.4620000000082
