car_id,total_distance_floors,empty_distance_floors,loaded_distance_floors,stop_count,door_open_count,average_load,average_occupancy_rate,busy_seconds,idle_seconds
C1,852.0,322.0,530.0,253,253,1.1284680811118148,0.07523120540745433,3357.59999999999,541.3140000000127
C2,800.0,333.0,467.0,241,241,1.0180357716831285,0.06786905144554191,3171.7999999999915,723.3480000000102
C3,698.0,291.0,407.0,229,229,0.9488859724211215,0.06325906482807477,2856.999999999996,1086.8880000000086
