{
  "scheduler_type": "prescient",
  "seed": 51,
  "average_waiting_time": 18.180152360514835,
  "median_waiting_time": 17.01000000000016,
  "p95_waiting_time": 35.013250000000184,
  "max_waiting_time": 67.25500000000068,
  "average_ride_time": 24.704721030042812,
  "average_total_service_time": 42.88487339055765,
  "pct_waited_over_30s": 0.11802575107296137,
  "pct_waited_over_60s": 0.002145922746781116,
  "left_behind_count": 0,
  "left_behind_rate": 0.0,
  "transported_count": 466,
  "throughput_per_hour": 466.0,
  "evaluated_passenger_count": 466
}