car_id,total_distance_floors,empty_distance_floors,loaded_distance_floors,stop_count,door_open_count,average_load,average_occupancy_rate,busy_seconds,idle_seconds
C1,910.0,387.0,523.0,283,283,1.0914704974493925,0.0727646998299595,3633.7999999999865,305.6560000000141
C2,902.0,336.0,566.0,263,263,1.2558169168364146,0.08372112778909431,3529.9999999999895,378.2130000000127
C3,744.0,305.0,439.0,213,213,0.9129477825604542,0.060863185504030276,2888.2999999999956,1056.7230000000109
