{
  "scheduler_type": "prescient",
  "seed": 76,
  "average_waiting_time": 17.19664179104442,
  "median_waiting_time": 15.936000000000035,
  "p95_waiting_time": 35.68699999999967,
  "max_waiting_time": 58.91800000000012,
  "average_ride_time": 25.61982942430689,
  "average_total_service_time": 42.81647121535131,
  "pct_waited_over_30s": 0.11513859275053305,
  "pct_waited_over_60s": 0.0,
  "left_behind_count": 0,
  "left_behind_rate": 0.0,
  "transported_count": 469,
  "throughput_per_hour": 469.0,
  "evaluated_passenger_count": 469
}