car_id,total_distance_floors,empty_distance_floors,loaded_distance_floors,stop_count,door_open_count,average_load,average_occupancy_rate,busy_seconds,idle_seconds
C1,1102.0,529.0,573.0,277,277,0.6290851295000117,0.041939008633334114,4062.199999999981,3494.1700000000096
C2,276.0,136.0,140.0,71,71,0.145756084735985,0.009717072315732333,1022.1000000000013,6341.572000000001
C3,22.0,11.0,11.0,8,8,0.01962781034780519,0.0013085206898536793,92.2,4997.517000000001
