{
  "scheduler_type": "prescient",
  "seed": 19,
  "average_waiting_time": 15.054349206349178,
  "median_waiting_time": 15.0,
  "p95_waiting_time": 26.498799999999935,
  "max_waiting_time": 43.97100000000046,
  "average_ride_time": 16.995238095237998,
  "average_total_service_time": 32.049587301587174,
  "pct_waited_over_30s": 0.021164021164021163,
  "pct_waited_over_60s": 0.0,
  "left_behind_count": 0,
  "left_behind_rate": 0.0,
  "transported_count": 189,
  "throughput_per_hour": 94.5,
  "evaluated_passenger_count": 189
}