{
  "scheduler_type": "prescient",
  "seed": 45,
  "average_waiting_time": 17.09759333333311,
  "median_waiting_time": 15.709000000000287,
  "p95_waiting_time": 33.44899999999979,
  "max_waiting_time": 53.60800000000029,
  "average_ride_time": 21.516666666666552,
  "average_total_service_time": 38.61425999999966,
  "pct_waited_over_30s": 0.09555555555555556,
  "pct_waited_over_60s": 0.0,
  "left_behind_count": 0,
  "left_behind_rate": 0.0,
  "transported_count": 450,
  "throughput_per_hour": 450.0,
  "evaluated_passenger_count": 450
}