car_id,total_distance_floors,empty_distance_floors,loaded_distance_floors,stop_count,door_open_count,average_load,average_occupancy_rate,busy_seconds,idle_seconds
C1,942.0,402.0,540.0,262,262,0.9643499324532782,0.06428999549688522,3615.099999999987,316.2530000000137
C2,794.0,346.0,448.0,228,228,0.8452575001163546,0.05635050000775697,3087.999999999992,822.4060000000121
C3,670.0,256.0,414.0,215,215,0.9798540547566859,0.06532360365044572,2725.1999999999966,1113.6370000000072
