{
  "scheduler_type": "predictive",
  "seed": 80,
  "average_waiting_time": 18.951814345991313,
  "median_waiting_time": 17.959499999998343,
  "p95_waiting_time": 36.6994500000001,
  "max_waiting_time": 73.77100000000019,
  "average_ride_time": 26.19219409282685,
  "average_total_service_time": 45.144008438818155,
  "pct_waited_over_30s": 0.13291139240506328,
  "pct_waited_over_60s": 0.004219409282700422,
  "left_behind_count": 0,
  "left_behind_rate": 0.0,
  "transported_count": 474,
  "throughput_per_hour": 473.99999999999994,
  "evaluated_passenger_count": 474
}