car_id,total_distance_floors,empty_distance_floors,loaded_distance_floors,stop_count,door_open_count,average_load,average_occupancy_rate,busy_seconds,idle_seconds
C1,926.0,302.0,624.0,292,292,1.9358793625185748,0.12905862416790498,3762.8999999999855,161.98300000001427
C2,774.0,313.0,461.0,244,244,1.1448495609018803,0.07632330406012536,3134.699999999992,803.3720000000122
C3,432.0,182.0,250.0,157,157,0.5681403100166765,0.03787602066777843,1836.200000000003,1845.9890000000066
