car_id,total_distance_floors,empty_distance_floors,loaded_distance_floors,stop_count,door_open_count,average_load,average_occupancy_rate,busy_seconds,idle_seconds
C1,878.0,369.0,509.0,276,276,1.237444211383913,0.08249628075892754,3531.49999999999,386.41400000001215
C2,756.0,302.0,454.0,250,250,0.9957749979289194,0.06638499986192796,3092.4999999999927,830.57500000001
C3,552.0,241.0,311.0,184,184,0.5823153181038438,0.03882102120692292,2257.7999999999997,1544.7790000000114
