{
  "scheduler_type": "nearest_car",
  "seed": 50,
  "average_waiting_time": 18.06600892857106,
  "median_waiting_time": 17.360999999999535,
  "p95_waiting_time": 38.120099999999304,
  "max_waiting_time": 56.65700000000015,
  "average_ride_time": 23.308258928571288,
  "average_total_service_time": 41.37426785714235,
  "pct_waited_over_30s": 0.15178571428571427,
  "pct_waited_over_60s": 0.0,
  "left_behind_count": 0,
  "left_behind_rate": 0.0,
  "transported_count": 448,
  "throughput_per_hour": 448.0,
  "evaluated_passenger_count": 448
}