car_id,total_distance_floors,empty_distance_floors,loaded_distance_floors,stop_count,door_open_count,average_load,average_occupancy_rate,busy_seconds,idle_seconds
C1,910.0,370.0,540.0,272,272,1.0133070378120625,0.06755380252080417,3586.699999999988,358.2050000000136
C2,844.0,335.0,509.0,255,255,1.075009960421538,0.0716673306947692,3337.8999999999896,575.087000000013
C3,786.0,323.0,463.0,219,219,0.8857289651684819,0.059048597677898794,3025.799999999994,933.0860000000107
