car_id,total_distance_floors,empty_distance_floors,loaded_distance_floors,stop_count,door_open_count,average_load,average_occupancy_rate,busy_seconds,idle_seconds
C1,872.0,347.0,525.0,263,263,1.2126740127280484,0.0808449341818699,3461.499999999988,476.5740000000119
C2,802.0,320.0,482.0,241,241,1.1047085789062254,0.07364723859374836,3174.1999999999925,750.6360000000107
C3,620.0,234.0,386.0,210,210,0.9714095442857988,0.06476063628571992,2573.6999999999975,1369.5390000000093
