car_id,total_distance_floors,empty_distance_floors,loaded_distance_floors,stop_count,door_open_count,average_load,average_occupancy_rate,busy_seconds,idle_seconds
C1,894.0,355.0,539.0,292,292,1.2358778530800636,0.08239185687200425,3648.59999999999,282.3710000000103
C2,844.0,344.0,500.0,251,251,0.9735614403808223,0.06490409602538814,3316.0999999999913,576.926000000012
C3,660.0,280.0,380.0,204,204,0.8446582806673205,0.05631055204448803,2631.0999999999985,1214.8340000000078
