{
  "scheduler_type": "nearest_car",
  "seed": 78,
  "average_waiting_time": 18.548748414376018,
  "median_waiting_time": 17.91399999999976,
  "p95_waiting_time": 37.13540000000033,
  "max_waiting_time": 58.365999999999985,
  "average_ride_time": 23.601268498942837,
  "average_total_service_time": 42.15001691331885,
  "pct_waited_over_30s": 0.16279069767441862,
  "pct_waited_over_60s": 0.0,
  "left_behind_count": 0,
  "left_behind_rate": 0.0,
  "transported_count": 473,
  "throughput_per_hour": 473.0,
  "evaluated_passenger_count": 473
}