car_id,total_distance_floors,empty_distance_floors,loaded_distance_floors,stop_count,door_open_count,average_load,average_occupancy_rate,busy_seconds,idle_seconds
C1,876.0,346.0,530.0,261,261,1.1744408614867332,0.07829605743244888,3466.0999999999894,474.1580000000117
C2,804.0,319.0,485.0,244,244,0.9966512680324644,0.06644341786883096,3194.799999999991,733.2540000000131
C3,574.0,246.0,328.0,199,199,0.6703713169002214,0.04469142112668143,2384.7,1559.5320000000108
