car_id,total_distance_floors,empty_distance_floors,loaded_distance_floors,stop_count,door_open_count,average_load,average_occupancy_rate,busy_seconds,idle_seconds
C1,472.0,229.0,243.0,120,120,0.2759882333256658,0.018399215555044385,1741.9000000000008,5722.911000000004
C2,480.0,236.0,244.0,128,128,0.27819651614498464,0.018546434409665642,1797.8000000000002,5117.815000000001
C3,458.0,220.0,238.0,121,121,0.21268695095822424,0.014179130063881615,1709.900000000001,5747.069000000004
