car_id,total_distance_floors,empty_distance_floors,loaded_distance_floors,stop_count,door_open_count,average_load,average_occupancy_rate,busy_seconds,idle_seconds
C1,1036.0,472.0,564.0,265,265,0.7427838578156136,0.049518923854374244,3853.3999999999837,3660.8990000000103
C2,188.0,90.0,98.0,58,58,0.11163996392213754,0.0074426642614758365,741.0000000000006,5852.517000000001
C3,12.0,6.0,6.0,6,6,0.010180988318946841,0.0006787325545964561,57.900000000000006,5000.548
