{
  "scheduler_type": "myopic",
  "seed": 34,
  "average_waiting_time": 14.80899999999993,
  "median_waiting_time": 15.0,
  "p95_waiting_time": 27.042199999999685,
  "max_waiting_time": 32.91899999999987,
  "average_ride_time": 18.658757062146783,
  "average_total_service_time": 33.46775706214671,
  "pct_waited_over_30s": 0.01694915254237288,
  "pct_waited_over_60s": 0.0,
  "left_behind_count": 0,
  "left_behind_rate": 0.0,
  "transported_count": 177,
  "throughput_per_hour": 88.5,
  "evaluated_passenger_count": 177
}