car_id,total_distance_floors,empty_distance_floors,loaded_distance_floors,stop_count,door_open_count,average_load,average_occupancy_rate,busy_seconds,idle_seconds
C1,944.0,351.0,593.0,268,268,1.4273568068820934,0.09515712045880623,3681.3999999999864,248.10100000001404
C2,798.0,317.0,481.0,252,252,1.1865781832632272,0.07910521221754847,3218.3999999999924,719.8150000000109
C3,524.0,205.0,319.0,188,188,0.8424917343854718,0.056166115625698114,2221.400000000001,1639.1720000000068
