{
  "scheduler_type": "myopic",
  "seed": 48,
  "average_waiting_time": 18.453625806451367,
  "median_waiting_time": 17.5,
  "p95_waiting_time": 36.7967999999998,
  "max_waiting_time": 52.23599999999942,
  "average_ride_time": 26.478494623655788,
  "average_total_service_time": 44.932120430107155,
  "pct_waited_over_30s": 0.15268817204301074,
  "pct_waited_over_60s": 0.0,
  "left_behind_count": 0,
  "left_behind_rate": 0.0,
  "transported_count": 465,
  "throughput_per_hour": 465.00000000000006,
  "evaluated_passenger_count": 465
}