car_id,total_distance_floors,empty_distance_floors,loaded_distance_floors,stop_count,door_open_count,average_load,average_occupancy_rate,busy_seconds,idle_seconds
C1,1098.0,502.0,596.0,283,283,0.7488256722283757,0.049921711481891715,4087.89999999998,3426.399000000012
C2,108.0,53.0,55.0,48,48,0.08758795201520782,0.005839196801013855,496.3999999999999,7022.899000000002
C3,18.0,9.0,9.0,6,6,0.018412093086156593,0.0012274728724104395,74.19999999999999,6758.266
