{
  "scheduler_type": "myopic",
  "seed": 24,
  "average_waiting_time": 15.482221621621552,
  "median_waiting_time": 15.0,
  "p95_waiting_time": 29.3514,
  "max_waiting_time": 43.61299999999983,
  "average_ride_time": 18.660540540540417,
  "average_total_service_time": 34.142762162161965,
  "pct_waited_over_30s": 0.043243243243243246,
  "pct_waited_over_60s": 0.0,
  "left_behind_count": 0,
  "left_behind_rate": 0.0,
  "transported_count": 185,
  "throughput_per_hour": 92.5,
  "evaluated_passenger_count": 185
}