car_id,total_distance_floors,empty_distance_floors,loaded_distance_floors,stop_count,door_open_count,average_load,average_occupancy_rate,busy_seconds,idle_seconds
C1,970.0,372.0,598.0,277,277,1.50684397538305,0.10045626502553667,3790.59999999999,160.17400000001047
C2,830.0,329.0,501.0,255,255,1.1947531760713022,0.07965021173808681,3317.5999999999926,607.0600000000089
C3,606.0,247.0,359.0,202,202,0.7721825044257318,0.05147883362838212,2494.799999999999,1415.2860000000105
