{
  "scheduler_type": "nearest_car",
  "seed": 91,
  "average_waiting_time": 19.79267219916961,
  "median_waiting_time": 17.90499999999946,
  "p95_waiting_time": 37.893200000000114,
  "max_waiting_time": 59.651999999998225,
  "average_ride_time": 26.0271784232364,
  "average_total_service_time": 45.81985062240601,
  "pct_waited_over_30s": 0.2012448132780083,
  "pct_waited_over_60s": 0.0,
  "left_behind_count": 0,
  "left_behind_rate": 0.0,
  "transported_count": 482,
  "throughput_per_hour": 482.0,
  "evaluated_passenger_count": 482
}