car_id,total_distance_floors,empty_distance_floors,loaded_distance_floors,stop_count,door_open_count,average_load,average_occupancy_rate,busy_seconds,idle_seconds
C1,834.0,323.0,511.0,245,245,1.120029056899773,0.0746686037933182,3283.8999999999933,631.1770000000107
C2,804.0,289.0,515.0,238,238,1.429445239899119,0.09529634932660794,3182.499999999992,736.2930000000111
C3,718.0,279.0,439.0,221,221,1.000043799025622,0.06666958660170813,2875.099999999995,1051.9280000000103
