{
  "scheduler_type": "predictive",
  "seed": 72,
  "average_waiting_time": 18.661249999999818,
  "median_waiting_time": 17.48950000000019,
  "p95_waiting_time": 37.43679999999973,
  "max_waiting_time": 69.27400000000034,
  "average_ride_time": 27.113793103448163,
  "average_total_service_time": 45.775043103447985,
  "pct_waited_over_30s": 0.14439655172413793,
  "pct_waited_over_60s": 0.004310344827586207,
  "left_behind_count": 0,
  "left_behind_rate": 0.0,
  "transported_count": 464,
  "throughput_per_hour": 464.0,
  "evaluated_passenger_count": 464
}