car_id,total_distance_floors,empty_distance_floors,loaded_distance_floors,stop_count,door_open_count,average_load,average_occupancy_rate,busy_seconds,idle_seconds
C1,1036.0,476.0,560.0,249,249,0.7737156871432611,0.05158104580955074,3775.999999999987,3762.428000000014
C2,144.0,68.0,76.0,59,59,0.10845425883450044,0.007230283922300029,636.3000000000005,6882.999000000001
C3,20.0,10.0,10.0,8,8,0.007257656710009959,0.0004838437806673306,87.2,6278.491
