{
  "scheduler_type": "myopic",
  "seed": 28,
  "average_waiting_time": 15.06380225988691,
  "median_waiting_time": 15.0,
  "p95_waiting_time": 26.786000000000055,
  "max_waiting_time": 34.159999999999854,
  "average_ride_time": 19.79548022598856,
  "average_total_service_time": 34.85928248587547,
  "pct_waited_over_30s": 0.02824858757062147,
  "pct_waited_over_60s": 0.0,
  "left_behind_count": 0,
  "left_behind_rate": 0.0,
  "transported_count": 177,
  "throughput_per_hour": 88.5,
  "evaluated_passenger_count": 177
}