car_id,total_distance_floors,empty_distance_floors,loaded_distance_floors,stop_count,door_open_count,average_load,average_occupancy_rate,busy_seconds,idle_seconds
C1,874.0,292.0,582.0,278,278,1.642749028524843,0.1095166019016562,3565.1999999999875,365.1630000000126
C2,698.0,270.0,428.0,214,214,0.9574706963162232,0.06383137975441487,2788.6999999999957,1112.516000000012
C3,472.0,203.0,269.0,138,138,0.7095532712380146,0.04730355141586764,1841.6000000000015,2012.7970000000068
