car_id,total_distance_floors,empty_distance_floors,loaded_distance_floors,stop_count,door_open_count,average_load,average_occupancy_rate,busy_seconds,idle_seconds
C1,1164.0,555.0,609.0,281,281,0.6130369434515458,0.040869129563436385,4230.899999999981,3323.2940000000076
C2,346.0,165.0,181.0,111,111,0.21904238583074237,0.014602825722049491,1387.3000000000015,5520.952000000007
C3,46.0,23.0,23.0,17,17,0.02863848809148023,0.0019092325394320154,193.69999999999996,6091.548000000002
