car_id,total_distance_floors,empty_distance_floors,loaded_distance_floors,stop_count,door_open_count,average_load,average_occupancy_rate,busy_seconds,idle_seconds
C1,878.0,345.0,533.0,284,284,1.262386732923131,0.08415911552820873,3578.599999999988,341.118000000014
C2,846.0,356.0,490.0,254,254,0.9921175265982113,0.06614116843988076,3344.899999999992,598.7860000000123
C3,626.0,267.0,359.0,198,198,0.6681678671528096,0.044544524476853975,2521.9999999999955,1343.7950000000117
