car_id,total_distance_floors,empty_distance_floors,loaded_distance_floors,stop_count,door_open_count,average_load,average_occupancy_rate,busy_seconds,idle_seconds
C1,920.0,373.0,547.0,254,254,1.1176406194661754,0.07450937463107836,3537.0999999999913,345.2750000000091
C2,852.0,317.0,535.0,273,273,1.2236811585253355,0.08157874390168904,3463.899999999989,455.0130000000114
C3,800.0,306.0,494.0,227,227,1.0835479932757637,0.07223653288505091,3109.999999999992,801.2250000000073
