{
  "scheduler_type": "prescient",
  "seed": 46,
  "average_waiting_time": 19.33728688524563,
  "median_waiting_time": 17.595500000000015,
  "p95_waiting_time": 40.27049999999967,
  "max_waiting_time": 65.27599999999848,
  "average_ride_time": 25.569467213114635,
  "average_total_service_time": 44.90675409836027,
  "pct_waited_over_30s": 0.16393442622950818,
  "pct_waited_over_60s": 0.004098360655737705,
  "left_behind_count": 0,
  "left_behind_rate": 0.0,
  "transported_count": 488,
  "throughput_per_hour": 488.00000000000006,
  "evaluated_passenger_count": 488
}