{
  "scheduler_type": "myopic",
  "seed": 43,
  "average_waiting_time": 17.947123873873597,
  "median_waiting_time": 16.57899999999927,
  "p95_waiting_time": 36.38605000000046,
  "max_waiting_time": 46.159000000000106,
  "average_ride_time": 27.58265765765755,
  "average_total_service_time": 45.52978153153115,
  "pct_waited_over_30s": 0.12612612612612611,
  "pct_waited_over_60s": 0.0,
  "left_behind_count": 0,
  "left_behind_rate": 0.0,
  "transported_count": 444,
  "throughput_per_hour": 444.0,
  "evaluated_passenger_count": 444
}