car_id,total_distance_floors,empty_distance_floors,loaded_distance_floors,stop_count,door_open_count,average_load,average_occupancy_rate,busy_seconds,idle_seconds
C1,924.0,384.0,540.0,274,274,1.0828381350352059,0.07218920900234706,3640.799999999985,289.6120000000128
C2,910.0,336.0,574.0,261,261,1.1891080528888127,0.07927387019258751,3545.099999999988,374.89700000001375
C3,808.0,328.0,480.0,236,236,0.894200285152433,0.05961335234349553,3161.699999999992,759.0100000000099
