{
  "scheduler_type": "predictive",
  "seed": 64,
  "average_waiting_time": 18.829225653206343,
  "median_waiting_time": 17.70900000000006,
  "p95_waiting_time": 36.70300000000043,
  "max_waiting_time": 50.48799999999892,
  "average_ride_time": 29.51971496437039,
  "average_total_service_time": 48.34894061757674,
  "pct_waited_over_30s": 0.15914489311163896,
  "pct_waited_over_60s": 0.0,
  "left_behind_count": 0,
  "left_behind_rate": 0.0,
  "transported_count": 421,
  "throughput_per_hour": 421.0,
  "evaluated_passenger_count": 421
}