car_id,total_distance_floors,empty_distance_floors,loaded_distance_floors,stop_count,door_open_count,average_load,average_occupancy_rate,busy_seconds,idle_seconds
C1,558.0,266.0,292.0,139,139,0.28348155755107507,0.018898770503405004,2046.2000000000005,5478.099000000005
C2,484.0,236.0,248.0,121,121,0.2724954872956962,0.018166365819713082,1775.2000000000007,5754.099
C3,392.0,193.0,199.0,106,106,0.22164286732060953,0.014776191154707302,1476.100000000001,5970.113000000004
