car_id,total_distance_floors,empty_distance_floors,loaded_distance_floors,stop_count,door_open_count,average_load,average_occupancy_rate,busy_seconds,idle_seconds
C1,918.0,370.0,548.0,266,266,1.2723630270547668,0.08482420180365112,3586.3999999999924,349.50500000000807
C2,766.0,326.0,440.0,274,274,0.943318501764179,0.06288790011761193,3225.9999999999923,682.3300000000141
C3,608.0,269.0,339.0,199,199,0.6420227552760004,0.04280151701840003,2479.999999999996,1404.28600000001
