{
  "scheduler_type": "nearest_car",
  "seed": 49,
  "average_waiting_time": 18.483686403508543,
  "median_waiting_time": 17.1924999999992,
  "p95_waiting_time": 38.7597499999996,
  "max_waiting_time": 63.07600000000048,
  "average_ride_time": 22.462061403508685,
  "average_total_service_time": 40.94574780701723,
  "pct_waited_over_30s": 0.15789473684210525,
  "pct_waited_over_60s": 0.0021929824561403508,
  "left_behind_count": 0,
  "left_behind_rate": 0.0,
  "transported_count": 456,
  "throughput_per_hour": 456.00000000000006,
  "evaluated_passenger_count": 456
}