car_id,total_distance_floors,empty_distance_floors,loaded_distance_floors,stop_count,door_open_count,average_load,average_occupancy_rate,busy_seconds,idle_seconds
C1,834.0,305.0,529.0,260,260,1.3008017949377892,0.08672011966251929,3367.899999999991,532.8480000000122
C2,720.0,282.0,438.0,226,226,0.9664672228378506,0.06443114818919003,2901.7999999999925,1042.669000000012
C3,638.0,237.0,401.0,203,203,1.1697698620834307,0.07798465747222871,2593.699999999996,1305.6140000000078
