car_id,total_distance_floors,empty_distance_floors,loaded_distance_floors,stop_count,door_open_count,average_load,average_occupancy_rate,busy_seconds,idle_seconds
C1,1148.0,536.0,612.0,291,291,0.6814135040820529,0.04542756693880353,4244.499999999983,3221.5980000000104
C2,366.0,168.0,198.0,114,114,0.22935014267311127,0.015290009511540751,1450.600000000001,5649.897000000002
C3,10.0,5.0,5.0,8,8,0.014507866997061539,0.0009671911331374359,62.20000000000001,4411.235000000001
