{
  "scheduler_type": "prescient",
  "seed": 41,
  "average_waiting_time": 14.097429864253401,
  "median_waiting_time": 12.606000000000677,
  "p95_waiting_time": 28.507000000000517,
  "max_waiting_time": 41.27299999999991,
  "average_ride_time": 18.26334841628948,
  "average_total_service_time": 32.36077828054289,
  "pct_waited_over_30s": 0.03619909502262444,
  "pct_waited_over_60s": 0.0,
  "left_behind_count": 0,
  "left_behind_rate": 0.0,
  "transported_count": 221,
  "throughput_per_hour": 110.5,
  "evaluated_passenger_count": 221
}