car_id,total_distance_floors,empty_distance_floors,loaded_distance_floors,stop_count,door_open_count,average_load,average_occupancy_rate,busy_seconds,idle_seconds
C1,794.0,300.0,494.0,252,252,1.191842963394593,0.07945619755963954,3214.099999999991,712.4240000000113
C2,752.0,309.0,443.0,231,231,1.0233952820581882,0.06822635213721255,3008.7999999999947,910.4090000000109
C3,734.0,296.0,438.0,198,198,1.087239350819637,0.0724826233879758,2805.2999999999956,1114.7200000000078
