car_id,total_distance_floors,empty_distance_floors,loaded_distance_floors,stop_count,door_open_count,average_load,average_occupancy_rate,busy_seconds,idle_seconds
C1,610.0,298.0,312.0,142,142,0.2892497734079651,0.019283318227197675,2190.4999999999995,5347.2760000000035
C2,492.0,234.0,258.0,122,122,0.24145577445227456,0.016097051630151637,1799.9000000000003,5734.399000000004
C3,454.0,204.0,250.0,127,127,0.2993505769926252,0.01995670513284168,1730.7000000000007,5798.599000000004
