car_id,total_distance_floors,empty_distance_floors,loaded_distance_floors,stop_count,door_open_count,average_load,average_occupancy_rate,busy_seconds,idle_seconds
C1,902.0,350.0,552.0,286,286,1.2915942088112136,0.08610628058741424,3645.7999999999856,276.0200000000143
C2,876.0,386.0,490.0,258,258,0.9513867573589377,0.06342578382392919,3437.6999999999857,462.08100000001383
C3,796.0,338.0,458.0,228,228,1.0368031807214209,0.06912021204809472,3094.49999999999,776.8230000000117
