car_id,total_distance_floors,empty_distance_floors,loaded_distance_floors,stop_count,door_open_count,average_load,average_occupancy_rate,busy_seconds,idle_seconds
C1,880.0,337.0,543.0,270,270,1.2471911745320559,0.08314607830213706,3517.3999999999887,404.6130000000126
C2,714.0,262.0,452.0,235,235,1.1014619167125728,0.07343079444750485,2935.6999999999944,985.1800000000094
C3,646.0,269.0,377.0,192,192,0.8736491740334138,0.05824327826889426,2550.499999999999,1368.1210000000096
