car_id,total_distance_floors,empty_distance_floors,loaded_distance_floors,stop_count,door_open_count,average_load,average_occupancy_rate,busy_seconds,idle_seconds
C1,1100.0,500.0,600.0,298,298,0.7677726392951628,0.05118484261967752,4156.399999999981,3355.3290000000093
C2,196.0,98.0,98.0,67,67,0.10858155591594305,0.0072387703943962035,803.5000000000008,6503.450000000004
C3,8.0,4.0,4.0,5,5,0.010274872460469837,0.0006849914973646558,42.900000000000006,5563.009
