{
  "scheduler_type": "myopic",
  "seed": 10,
  "average_waiting_time": 14.084338383838324,
  "median_waiting_time": 12.580999999999676,
  "p95_waiting_time": 28.986849999999638,
  "max_waiting_time": 38.80199999999968,
  "average_ride_time": 17.647979797979687,
  "average_total_service_time": 31.732318181818012,
  "pct_waited_over_30s": 0.03535353535353535,
  "pct_waited_over_60s": 0.0,
  "left_behind_count": 0,
  "left_behind_rate": 0.0,
  "transported_count": 198,
  "throughput_per_hour": 99.0,
  "evaluated_passenger_count": 198
}