car_id,total_distance_floors,empty_distance_floors,loaded_distance_floors,stop_count,door_open_count,average_load,average_occupancy_rate,busy_seconds,idle_seconds
C1,1006.0,464.0,542.0,267,267,0.5914570912187297,0.039430472747915314,3775.9999999999804,3748.2990000000127
C2,298.0,148.0,150.0,78,78,0.16716921411078461,0.011144614274052307,1110.3000000000013,6006.4410000000025
C3,48.0,19.0,29.0,15,15,0.07552054623745443,0.005034703082496961,190.69999999999993,5079.389
