car_id,total_distance_floors,empty_distance_floors,loaded_distance_floors,stop_count,door_open_count,average_load,average_occupancy_rate,busy_seconds,idle_seconds
C1,876.0,362.0,514.0,266,266,1.300916746924629,0.0867277831283086,3493.2999999999893,437.7740000000114
C2,778.0,306.0,472.0,251,251,1.2593642479120424,0.0839576165274695,3165.3999999999924,748.9560000000118
C3,746.0,303.0,443.0,221,221,1.1200053207148497,0.07466702138098998,2945.299999999996,933.8780000000104
