car_id,total_distance_floors,empty_distance_floors,loaded_distance_floors,stop_count,door_open_count,average_load,average_occupancy_rate,busy_seconds,idle_seconds
C1,572.0,283.0,289.0,140,140,0.2833245646487534,0.018888304309916892,2084.2,5446.386000000005
C2,538.0,258.0,280.0,132,132,0.27592997698322647,0.018395331798881764,1963.0000000000002,5556.299000000003
C3,600.0,282.0,318.0,152,152,0.303963164136267,0.0202642109424178,2212.299999999999,5337.299000000003
