{
  "scheduler_type": "predictive",
  "seed": 45,
  "average_waiting_time": 14.543328828828823,
  "median_waiting_time": 14.2049999999997,
  "p95_waiting_time": 25.80435000000006,
  "max_waiting_time": 49.62599999999975,
  "average_ride_time": 17.186486486486416,
  "average_total_service_time": 31.729815315315243,
  "pct_waited_over_30s": 0.03153153153153153,
  "pct_waited_over_60s": 0.0,
  "left_behind_count": 0,
  "left_behind_rate": 0.0,
  "transported_count": 222,
  "throughput_per_hour": 111.0,
  "evaluated_passenger_count": 222
}