car_id,total_distance_floors,empty_distance_floors,loaded_distance_floors,stop_count,door_open_count,average_load,average_occupancy_rate,busy_seconds,idle_seconds
C1,394.0,190.0,204.0,112,112,0.23406209845154266,0.01560413989676951,1512.3000000000006,5967.339000000002
C2,502.0,240.0,262.0,137,137,0.2500366058059399,0.016669107053729326,1896.6000000000001,5622.699000000002
C3,512.0,254.0,258.0,136,136,0.25241386070675853,0.016827590713783903,1912.6999999999998,5636.410000000002
