{
  "scheduler_type": "predictive",
  "seed": 46,
  "average_waiting_time": 13.326215384615358,
  "median_waiting_time": 12.5,
  "p95_waiting_time": 24.467799999999897,
  "max_waiting_time": 40.942999999999756,
  "average_ride_time": 15.72923076923072,
  "average_total_service_time": 29.055446153846074,
  "pct_waited_over_30s": 0.035897435897435895,
  "pct_waited_over_60s": 0.0,
  "left_behind_count": 0,
  "left_behind_rate": 0.0,
  "transported_count": 195,
  "throughput_per_hour": 97.5,
  "evaluated_passenger_count": 195
}