car_id,total_distance_floors,empty_distance_floors,loaded_distance_floors,stop_count,door_open_count,average_load,average_occupancy_rate,busy_seconds,idle_seconds
C1,1114.0,515.0,599.0,283,283,0.7610732993525926,0.050738219956839505,4124.299999999982,3332.6690000000126
C2,144.0,67.0,77.0,57,57,0.09110746407377233,0.006073830938251489,626.0000000000005,6838.811000000001
C3,2.0,1.0,1.0,2,2,0.001482710173691893,9.884734491279286e-05,14.299999999999999,5246.337
