car_id,total_distance_floors,empty_distance_floors,loaded_distance_floors,stop_count,door_open_count,average_load,average_occupancy_rate,busy_seconds,idle_seconds
C1,744.0,277.0,467.0,253,253,1.2540304345830737,0.08360202897220491,3097.299999999993,781.3140000000112
C2,704.0,298.0,406.0,217,217,0.8440793131389769,0.056271954209265125,2807.4999999999973,1124.3580000000093
C3,678.0,250.0,428.0,208,208,1.1544123741551389,0.07696082494367593,2715.999999999997,1180.9610000000125
