car_id,total_distance_floors,empty_distance_floors,loaded_distance_floors,stop_count,door_open_count,average_load,average_occupancy_rate,busy_seconds,idle_seconds
C1,960.0,398.0,562.0,264,264,1.1303614474513843,0.07535742983009229,3673.3999999999896,226.5030000000113
C2,816.0,344.0,472.0,258,258,0.9335649648033086,0.06223766432022058,3284.199999999992,665.1770000000115
C3,536.0,244.0,292.0,193,193,0.5292531472448613,0.03528354314965742,2255.4,1686.3810000000117
