{
  "scheduler_type": "nearest_car",
  "seed": 67,
  "average_waiting_time": 17.925819672130782,
  "median_waiting_time": 16.668000000000006,
  "p95_waiting_time": 36.358499999999815,
  "max_waiting_time": 55.72899999999936,
  "average_ride_time": 21.70187353629964,
  "average_total_service_time": 39.62769320843042,
  "pct_waited_over_30s": 0.15456674473067916,
  "pct_waited_over_60s": 0.0,
  "left_behind_count": 0,
  "left_behind_rate": 0.0,
  "transported_count": 427,
  "throughput_per_hour": 427.0,
  "evaluated_passenger_count": 427
}