car_id,total_distance_floors,empty_distance_floors,loaded_distance_floors,stop_count,door_open_count,average_load,average_occupancy_rate,busy_seconds,idle_seconds
C1,872.0,354.0,518.0,265,265,1.1149863443487704,0.0743324229565847,3464.8999999999874,458.01800000001447
C2,842.0,353.0,489.0,235,235,1.1204716343666428,0.07469810895777619,3241.299999999992,699.7190000000096
C3,656.0,276.0,380.0,211,211,0.8097764723734648,0.053985098158230986,2662.199999999996,1225.9100000000108
