car_id,total_distance_floors,empty_distance_floors,loaded_distance_floors,stop_count,door_open_count,average_load,average_occupancy_rate,busy_seconds,idle_seconds
C1,426.0,209.0,217.0,110,110,0.23832411025778008,0.015888274017185337,1580.4000000000008,5825.481000000002
C2,410.0,201.0,209.0,124,124,0.24344363113446926,0.01622957540896462,1605.5000000000002,5797.035000000001
C3,522.0,249.0,273.0,130,130,0.2691928760490071,0.017946191736600472,1914.7000000000007,5585.127000000004
