{
  "scheduler_type": "predictive",
  "seed": 36,
  "average_waiting_time": 14.039069518716559,
  "median_waiting_time": 12.5,
  "p95_waiting_time": 28.026399999999946,
  "max_waiting_time": 45.93399999999974,
  "average_ride_time": 16.19090909090904,
  "average_total_service_time": 30.229978609625597,
  "pct_waited_over_30s": 0.0427807486631016,
  "pct_waited_over_60s": 0.0,
  "left_behind_count": 0,
  "left_behind_rate": 0.0,
  "transported_count": 187,
  "throughput_per_hour": 93.5,
  "evaluated_passenger_count": 187
}