car_id,total_distance_floors,empty_distance_floors,loaded_distance_floors,stop_count,door_open_count,average_load,average_occupancy_rate,busy_seconds,idle_seconds
C1,984.0,469.0,515.0,274,274,0.5724819224658645,0.0381654614977243,3750.299999999983,3747.4040000000095
C2,282.0,128.0,154.0,65,65,0.1741142972631586,0.011607619817543907,1011.8000000000011,6494.189000000005
C3,34.0,16.0,18.0,14,14,0.04774571064434152,0.0031830473762894346,152.7,6453.129000000001
