{
  "scheduler_type": "prescient",
  "seed": 47,
  "average_waiting_time": 14.34349462365589,
  "median_waiting_time": 12.5,
  "p95_waiting_time": 32.239249999999856,
  "max_waiting_time": 51.34500000000003,
  "average_ride_time": 17.315591397849342,
  "average_total_service_time": 31.65908602150523,
  "pct_waited_over_30s": 0.06989247311827956,
  "pct_waited_over_60s": 0.0,
  "left_behind_count": 0,
  "left_behind_rate": 0.0,
  "transported_count": 186,
  "throughput_per_hour": 93.0,
  "evaluated_passenger_count": 186
}