car_id,total_distance_floors,empty_distance_floors,loaded_distance_floors,stop_count,door_open_count,average_load,average_occupancy_rate,busy_seconds,idle_seconds
C1,864.0,368.0,496.0,260,260,0.9971377625950933,0.06647585083967289,3403.29999999999,514.6140000000132
C2,772.0,342.0,430.0,237,237,0.722361712838116,0.048157447522541065,3066.399999999992,851.0280000000138
C3,682.0,240.0,442.0,222,222,1.1100330638098446,0.07400220425398964,2786.0999999999935,1025.3180000000118
