car_id,total_distance_floors,empty_distance_floors,loaded_distance_floors,stop_count,door_open_count,average_load,average_occupancy_rate,busy_seconds,idle_seconds
C1,914.0,337.0,577.0,281,281,1.7138086408904265,0.1142539093926951,3682.1999999999894,260.88900000000945
C2,808.0,313.0,495.0,244,244,1.220913926129147,0.08139426174194314,3218.899999999991,703.0800000000107
C3,478.0,198.0,280.0,158,158,0.6209766219193247,0.041398441461288314,1956.100000000001,1900.8890000000074
