car_id,total_distance_floors,empty_distance_floors,loaded_distance_floors,stop_count,door_open_count,average_load,average_occupancy_rate,busy_seconds,idle_seconds
C1,616.0,298.0,318.0,161,161,0.28131352390861836,0.018754234927241223,2294.4999999999977,4963.593999999999
C2,492.0,242.0,250.0,133,133,0.24231003221924585,0.016154002147949723,1851.7000000000003,5546.673
C3,508.0,248.0,260.0,135,135,0.29404232443286077,0.019602821628857386,1902.6000000000006,5344.656000000005
