{
  "scheduler_type": "predictive",
  "seed": 2,
  "average_waiting_time": 13.926922727272704,
  "median_waiting_time": 12.5,
  "p95_waiting_time": 25.76079999999978,
  "max_waiting_time": 39.38599999999951,
  "average_ride_time": 16.114999999999956,
  "average_total_service_time": 30.04192272727266,
  "pct_waited_over_30s": 0.01818181818181818,
  "pct_waited_over_60s": 0.0,
  "left_behind_count": 0,
  "left_behind_rate": 0.0,
  "transported_count": 220,
  "throughput_per_hour": 110.0,
  "evaluated_passenger_count": 220
}