car_id,total_distance_floors,empty_distance_floors,loaded_distance_floors,stop_count,door_open_count,average_load,average_occupancy_rate,busy_seconds,idle_seconds
C1,1070.0,491.0,579.0,290,290,0.6773856656529665,0.04515904437686444,4042.199999999981,3502.0990000000093
C2,280.0,137.0,143.0,82,82,0.15274030198825714,0.010182686799217142,1083.9000000000012,6435.399000000001
C3,30.0,15.0,15.0,6,6,0.0413762552762197,0.0027584170184146465,102.9,2908.4890000000005
