{
  "scheduler_type": "prescient",
  "seed": 8,
  "average_waiting_time": 13.676029126213544,
  "median_waiting_time": 12.5,
  "p95_waiting_time": 24.713749999999777,
  "max_waiting_time": 46.190000000000055,
  "average_ride_time": 17.606310679611557,
  "average_total_service_time": 31.2823398058251,
  "pct_waited_over_30s": 0.019417475728155338,
  "pct_waited_over_60s": 0.0,
  "left_behind_count": 0,
  "left_behind_rate": 0.0,
  "transported_count": 206,
  "throughput_per_hour": 103.0,
  "evaluated_passenger_count": 206
}