car_id,total_distance_floors,empty_distance_floors,loaded_distance_floors,stop_count,door_open_count,average_load,average_occupancy_rate,busy_seconds,idle_seconds
C1,904.0,386.0,518.0,274,274,0.9906092751482612,0.06604061834321742,3577.3999999999864,357.65300000001463
C2,832.0,355.0,477.0,239,239,0.8515337586567038,0.056768917243780255,3233.4999999999905,674.7420000000112
C3,688.0,281.0,407.0,224,224,0.8314184745984463,0.05542789830656309,2802.299999999995,1064.8260000000118
