car_id,total_distance_floors,empty_distance_floors,loaded_distance_floors,stop_count,door_open_count,average_load,average_occupancy_rate,busy_seconds,idle_seconds
C1,1048.0,467.0,581.0,281,281,0.7043287994501436,0.04695525329667624,3952.2999999999815,3597.2990000000163
C2,172.0,80.0,92.0,47,47,0.11146035064769043,0.007430690043179362,650.5000000000003,6256.889000000004
C3,8.0,4.0,4.0,4,4,0.014715864370694538,0.000981057624712969,38.6,3100.8689999999997
