car_id,total_distance_floors,empty_distance_floors,loaded_distance_floors,stop_count,door_open_count,average_load,average_occupancy_rate,busy_seconds,idle_seconds
C1,848.0,306.0,542.0,276,276,1.2604941738388153,0.08403294492258769,3467.0999999999885,471.51400000001297
C2,750.0,303.0,447.0,253,253,1.1551635658662125,0.07701090439108084,3111.9999999999927,816.4480000000108
C3,448.0,181.0,267.0,161,161,0.7650789547118383,0.05100526364745588,1906.300000000003,1992.6440000000057
