{
  "scheduler_type": "myopic",
  "seed": 51,
  "average_waiting_time": 16.864261802574934,
  "median_waiting_time": 15.106500000000096,
  "p95_waiting_time": 35.42899999999884,
  "max_waiting_time": 58.01899999999932,
  "average_ride_time": 25.307081545064264,
  "average_total_service_time": 42.1713433476392,
  "pct_waited_over_30s": 0.11802575107296137,
  "pct_waited_over_60s": 0.0,
  "left_behind_count": 0,
  "left_behind_rate": 0.0,
  "transported_count": 466,
  "throughput_per_hour": 466.0,
  "evaluated_passenger_count": 466
}