car_id,total_distance_floors,empty_distance_floors,loaded_distance_floors,stop_count,door_open_count,average_load,average_occupancy_rate,busy_seconds,idle_seconds
C1,932.0,353.0,579.0,262,262,1.494820587798929,0.09965470585326193,3628.9999999999877,314.01500000001226
C2,712.0,289.0,423.0,239,239,0.9460411149802818,0.06306940766535211,2941.4999999999936,1007.3770000000127
C3,390.0,153.0,237.0,144,144,0.6157910845056549,0.04105273896704366,1670.0000000000027,2162.6310000000076
