{
  "scheduler_type": "myopic",
  "seed": 77,
  "average_waiting_time": 18.4028510638294,
  "median_waiting_time": 17.5,
  "p95_waiting_time": 36.42270000000004,
  "max_waiting_time": 53.15599999999995,
  "average_ride_time": 25.69503546099277,
  "average_total_service_time": 44.097886524822165,
  "pct_waited_over_30s": 0.14893617021276595,
  "pct_waited_over_60s": 0.0,
  "left_behind_count": 0,
  "left_behind_rate": 0.0,
  "transported_count": 423,
  "throughput_per_hour": 423.0,
  "evaluated_passenger_count": 423
}