car_id,total_distance_floors,empty_distance_floors,loaded_distance_floors,stop_count,door_open_count,average_load,average_occupancy_rate,busy_seconds,idle_seconds
C1,902.0,350.0,552.0,297,297,1.2826794370412962,0.08551196246941975,3702.699999999988,226.18500000001143
C2,804.0,315.0,489.0,247,247,1.1251040287003138,0.07500693524668758,3221.0999999999926,699.6930000000118
C3,474.0,171.0,303.0,174,174,0.9131828009219418,0.06087885339479612,2030.3000000000022,1918.3070000000098
