car_id,total_distance_floors,empty_distance_floors,loaded_distance_floors,stop_count,door_open_count,average_load,average_occupancy_rate,busy_seconds,idle_seconds
C1,1216.0,565.0,651.0,306,306,0.7703566485165718,0.051357109901104786,4493.699999999982,3029.3090000000143
C2,244.0,115.0,129.0,75,75,0.13701948553346763,0.009134632368897841,961.0000000000011,6568.586000000002
C3,46.0,23.0,23.0,12,12,0.026084196318329953,0.0017389464212219968,170.79999999999995,6174.038
