{
  "scheduler_type": "myopic",
  "seed": 45,
  "average_waiting_time": 16.03046846846838,
  "median_waiting_time": 15.0,
  "p95_waiting_time": 30.848749999999196,
  "max_waiting_time": 41.51099999999951,
  "average_ride_time": 18.650450450450304,
  "average_total_service_time": 34.68091891891869,
  "pct_waited_over_30s": 0.06756756756756757,
  "pct_waited_over_60s": 0.0,
  "left_behind_count": 0,
  "left_behind_rate": 0.0,
  "transported_count": 222,
  "throughput_per_hour": 111.0,
  "evaluated_passenger_count": 222
}