{
  "scheduler_type": "myopic",
  "seed": 20,
  "average_waiting_time": 15.353047337278115,
  "median_waiting_time": 14.277000000000157,
  "p95_waiting_time": 31.990000000000325,
  "max_waiting_time": 36.111000000000104,
  "average_ride_time": 17.585798816567962,
  "average_total_service_time": 32.93884615384607,
  "pct_waited_over_30s": 0.0650887573964497,
  "pct_waited_over_60s": 0.0,
  "left_behind_count": 0,
  "left_behind_rate": 0.0,
  "transported_count": 169,
  "throughput_per_hour": 84.5,
  "evaluated_passenger_count": 169
}