car_id,total_distance_floors,empty_distance_floors,loaded_distance_floors,stop_count,door_open_count,average_load,average_occupancy_rate,busy_seconds,idle_seconds
C1,1080.0,492.0,588.0,277,277,0.7275732161438009,0.04850488107625339,4007.799999999983,3527.7990000000073
C2,164.0,77.0,87.0,54,54,0.10690696900800989,0.007127131267200659,665.0000000000003,6859.299000000002
C3,16.0,7.0,9.0,5,5,0.028686242299597,0.0019124161533064668,63.900000000000006,4091.402
