car_id,total_distance_floors,empty_distance_floors,loaded_distance_floors,stop_count,door_open_count,average_load,average_occupancy_rate,busy_seconds,idle_seconds
C1,914.0,390.0,524.0,282,282,1.2750420184301512,0.08500280122867675,3653.3999999999874,280.5880000000127
C2,790.0,335.0,455.0,258,258,1.0280656980222278,0.06853771320148186,3228.3999999999924,666.3900000000093
C3,650.0,275.0,375.0,196,196,0.784084878151116,0.052272325210074404,2564.3999999999987,1277.5310000000059
