car_id,total_distance_floors,empty_distance_floors,loaded_distance_floors,stop_count,door_open_count,average_load,average_occupancy_rate,busy_seconds,idle_seconds
C1,904.0,337.0,567.0,265,265,1.4603193809950012,0.09735462539966674,3568.699999999988,365.09700000001175
C2,784.0,296.0,488.0,256,256,1.2560764571396061,0.08373843047597375,3216.6999999999944,687.9190000000099
C3,564.0,227.0,337.0,178,178,0.6945739917380014,0.04630493278253343,2274.2999999999997,1660.3420000000083
