{
  "scheduler_type": "myopic",
  "seed": 84,
  "average_waiting_time": 17.892439746299935,
  "median_waiting_time": 17.009999999999764,
  "p95_waiting_time": 34.816799999999645,
  "max_waiting_time": 53.72199999999884,
  "average_ride_time": 26.501691331923787,
  "average_total_service_time": 44.394131078223715,
  "pct_waited_over_30s": 0.12684989429175475,
  "pct_waited_over_60s": 0.0,
  "left_behind_count": 0,
  "left_behind_rate": 0.0,
  "transported_count": 473,
  "throughput_per_hour": 473.0,
  "evaluated_passenger_count": 473
}