car_id,total_distance_floors,empty_distance_floors,loaded_distance_floors,stop_count,door_open_count,average_load,average_occupancy_rate,busy_seconds,idle_seconds
C1,1062.0,463.0,599.0,286,286,0.7655463984086754,0.051036426560578364,4017.9999999999795,3506.2990000000177
C2,160.0,79.0,81.0,49,49,0.09299200294067188,0.0061994668627114585,628.5000000000003,6488.241000000001
C3,22.0,6.0,16.0,7,7,0.060473362024815895,0.00403155746832106,88.50000000000001,5181.589
