car_id,total_distance_floors,empty_distance_floors,loaded_distance_floors,stop_count,door_open_count,average_load,average_occupancy_rate,busy_seconds,idle_seconds
C1,1008.0,476.0,532.0,258,258,0.6657002162090775,0.0443800144139385,3742.0999999999835,3784.411000000016
C2,160.0,80.0,80.0,48,48,0.10129125027362601,0.006752750018241734,624.5000000000002,6177.667000000004
C3,12.0,6.0,6.0,4,4,0.015102436998453574,0.0010068291332302381,48.60000000000001,5036.672
