{
  "scheduler_type": "myopic",
  "seed": 25,
  "average_waiting_time": 14.980113636363457,
  "median_waiting_time": 15.0,
  "p95_waiting_time": 27.63899999999967,
  "max_waiting_time": 36.77299999999968,
  "average_ride_time": 17.935227272727094,
  "average_total_service_time": 32.91534090909055,
  "pct_waited_over_30s": 0.03409090909090909,
  "pct_waited_over_60s": 0.0,
  "left_behind_count": 0,
  "left_behind_rate": 0.0,
  "transported_count": 176,
  "throughput_per_hour": 88.0,
  "evaluated_passenger_count": 176
}