car_id,total_distance_floors,empty_distance_floors,loaded_distance_floors,stop_count,door_open_count,average_load,average_occupancy_rate,busy_seconds,idle_seconds
C1,1008.0,470.0,538.0,267,267,0.6304751482100042,0.04203167654733361,3782.9999999999845,3715.3130000000087
C2,252.0,118.0,134.0,62,62,0.174245354278302,0.011616356951886802,920.9000000000009,6285.031000000003
C3,18.0,9.0,9.0,6,6,0.011003980829946348,0.0007335987219964232,72.89999999999999,5288.795999999999
