{
  "scheduler_type": "myopic",
  "seed": 49,
  "average_waiting_time": 15.110430939226445,
  "median_waiting_time": 15.0,
  "p95_waiting_time": 28.551999999999907,
  "max_waiting_time": 38.03399999999965,
  "average_ride_time": 18.07679558011039,
  "average_total_service_time": 33.18722651933683,
  "pct_waited_over_30s": 0.027624309392265192,
  "pct_waited_over_60s": 0.0,
  "left_behind_count": 0,
  "left_behind_rate": 0.0,
  "transported_count": 181,
  "throughput_per_hour": 90.5,
  "evaluated_passenger_count": 181
}