car_id,total_distance_floors,empty_distance_floors,loaded_distance_floors,stop_count,door_open_count,average_load,average_occupancy_rate,busy_seconds,idle_seconds
C1,870.0,368.0,502.0,256,256,1.0902901634518505,0.07268601089679003,3415.8999999999874,511.12800000001494
C2,880.0,354.0,526.0,247,247,1.1388689103743688,0.07592459402495792,3392.0999999999913,525.9980000000096
C3,808.0,326.0,482.0,242,242,1.0155611243405924,0.0677040749560395,3191.4999999999927,723.5770000000098
