{
  "scheduler_type": "prescient",
  "seed": 72,
  "average_waiting_time": 19.558420258620508,
  "median_waiting_time": 17.5,
  "p95_waiting_time": 41.90505000000013,
  "max_waiting_time": 68.25700000000029,
  "average_ride_time": 25.172844827586086,
  "average_total_service_time": 44.7312650862066,
  "pct_waited_over_30s": 0.16594827586206898,
  "pct_waited_over_60s": 0.008620689655172414,
  "left_behind_count": 0,
  "left_behind_rate": 0.0,
  "transported_count": 464,
  "throughput_per_hour": 464.0,
  "evaluated_passenger_count": 464
}