car_id,total_distance_floors,empty_distance_floors,loaded_distance_floors,stop_count,door_open_count,average_load,average_occupancy_rate,busy_seconds,idle_seconds
C1,896.0,366.0,530.0,253,253,1.2027650832626327,0.0801843388841755,3474.099999999986,427.4100000000143
C2,750.0,321.0,429.0,217,217,0.8247299097914825,0.054981993986098834,2923.899999999994,980.166000000013
C3,692.0,296.0,396.0,210,210,0.8339919588653338,0.05559946392435559,2750.4999999999955,1202.176000000012
