{
  "scheduler_type": "predictive",
  "seed": 47,
  "average_waiting_time": 19.158151515151136,
  "median_waiting_time": 18.361999999998716,
  "p95_waiting_time": 35.74059999999904,
  "max_waiting_time": 57.25499999999994,
  "average_ride_time": 23.920745920745762,
  "average_total_service_time": 43.0788974358969,
  "pct_waited_over_30s": 0.1445221445221445,
  "pct_waited_over_60s": 0.0,
  "left_behind_count": 0,
  "left_behind_rate": 0.0,
  "transported_count": 429,
  "throughput_per_hour": 429.0,
  "evaluated_passenger_count": 429
}