car_id,total_distance_floors,empty_distance_floors,loaded_distance_floors,stop_count,door_open_count,average_load,average_occupancy_rate,busy_seconds,idle_seconds
C1,888.0,351.0,537.0,269,269,1.342708923235055,0.08951392821567034,3545.3999999999874,369.4470000000149
C2,714.0,282.0,432.0,250,250,0.924556194211211,0.061637079614080735,2992.799999999993,940.1140000000111
C3,510.0,207.0,303.0,171,171,0.647987976065563,0.04319919840437087,2101.500000000002,1706.9040000000107
