{
  "scheduler_type": "predictive",
  "seed": 49,
  "average_waiting_time": 17.554252192982187,
  "median_waiting_time": 17.48599999999942,
  "p95_waiting_time": 33.26825000000002,
  "max_waiting_time": 42.42099999999982,
  "average_ride_time": 25.79824561403495,
  "average_total_service_time": 43.35249780701714,
  "pct_waited_over_30s": 0.10526315789473684,
  "pct_waited_over_60s": 0.0,
  "left_behind_count": 0,
  "left_behind_rate": 0.0,
  "transported_count": 456,
  "throughput_per_hour": 456.00000000000006,
  "evaluated_passenger_count": 456
}