car_id,total_distance_floors,empty_distance_floors,loaded_distance_floors,stop_count,door_open_count,average_load,average_occupancy_rate,busy_seconds,idle_seconds
C1,440.0,212.0,228.0,107,107,0.20702727740976903,0.013801818493984602,1600.8000000000004,5918.4990000000025
C2,456.0,223.0,233.0,121,121,0.2562038074236468,0.01708025382824312,1704.9000000000008,5799.282000000004
C3,500.0,241.0,259.0,130,130,0.2817171120740046,0.018781140804933642,1857.7000000000007,5651.606000000005
