{
  "scheduler_type": "predictive",
  "seed": 50,
  "average_waiting_time": 14.084318918918898,
  "median_waiting_time": 12.5,
  "p95_waiting_time": 27.72580000000023,
  "max_waiting_time": 35.39500000000044,
  "average_ride_time": 16.598918918918834,
  "average_total_service_time": 30.68323783783773,
  "pct_waited_over_30s": 0.02702702702702703,
  "pct_waited_over_60s": 0.0,
  "left_behind_count": 0,
  "left_behind_rate": 0.0,
  "transported_count": 185,
  "throughput_per_hour": 92.5,
  "evaluated_passenger_count": 185
}