car_id,total_distance_floors,empty_distance_floors,loaded_distance_floors,stop_count,door_open_count,average_load,average_occupancy_rate,busy_seconds,idle_seconds
C1,816.0,311.0,505.0,261,261,1.4178042723318285,0.0945202848221219,3329.19999999999,592.7800000000141
C2,776.0,320.0,456.0,235,235,0.9563986133995854,0.06375990755997236,3072.799999999993,784.6920000000084
C3,724.0,299.0,425.0,205,205,0.9456067455124691,0.06304044970083128,2814.199999999995,1127.5020000000086
