{
  "scheduler_type": "myopic",
  "seed": 16,
  "average_waiting_time": 14.57397448979587,
  "median_waiting_time": 12.511499999999614,
  "p95_waiting_time": 30.706250000000068,
  "max_waiting_time": 39.224999999999454,
  "average_ride_time": 17.145408163265202,
  "average_total_service_time": 31.71938265306107,
  "pct_waited_over_30s": 0.05612244897959184,
  "pct_waited_over_60s": 0.0,
  "left_behind_count": 0,
  "left_behind_rate": 0.0,
  "transported_count": 196,
  "throughput_per_hour": 98.0,
  "evaluated_passenger_count": 196
}