car_id,total_distance_floors,empty_distance_floors,loaded_distance_floors,stop_count,door_open_count,average_load,average_occupancy_rate,busy_seconds,idle_seconds
C1,924.0,305.0,619.0,287,287,1.6620296131829355,0.1108019742121957,3733.6999999999875,206.30200000001076
C2,786.0,306.0,480.0,243,243,1.099617315821116,0.07330782105474107,3146.599999999995,772.036000000008
C3,362.0,156.0,206.0,137,137,0.442770057215787,0.0295180038143858,1565.000000000002,2355.7710000000056
