{
  "scheduler_type": "myopic",
  "seed": 54,
  "average_waiting_time": 17.996611842104997,
  "median_waiting_time": 17.258500000000026,
  "p95_waiting_time": 35.829500000000024,
  "max_waiting_time": 50.14200000000028,
  "average_ride_time": 26.68114035087709,
  "average_total_service_time": 44.67775219298209,
  "pct_waited_over_30s": 0.12938596491228072,
  "pct_waited_over_60s": 0.0,
  "left_behind_count": 0,
  "left_behind_rate": 0.0,
  "transported_count": 456,
  "throughput_per_hour": 456.00000000000006,
  "evaluated_passenger_count": 456
}