car_id,total_distance_floors,empty_distance_floors,loaded_distance_floors,stop_count,door_open_count,average_load,average_occupancy_rate,busy_seconds,idle_seconds
C1,974.0,450.0,524.0,272,272,0.5582307511614064,0.03721538341076043,3715.3999999999824,3802.638000000009
C2,296.0,145.0,151.0,65,65,0.15854259129396506,0.010569506086264337,1042.900000000001,6496.399000000002
C3,48.0,24.0,24.0,15,15,0.025125430861880793,0.0016750287241253862,190.39999999999995,7323.899000000002
