{
  "scheduler_type": "prescient",
  "seed": 4,
  "average_waiting_time": 13.841026881720389,
  "median_waiting_time": 12.5,
  "p95_waiting_time": 28.013750000000016,
  "max_waiting_time": 36.23099999999977,
  "average_ride_time": 16.918279569892366,
  "average_total_service_time": 30.759306451612755,
  "pct_waited_over_30s": 0.026881720430107527,
  "pct_waited_over_60s": 0.0,
  "left_behind_count": 0,
  "left_behind_rate": 0.0,
  "transported_count": 186,
  "throughput_per_hour": 93.0,
  "evaluated_passenger_count": 186
}