car_id,total_distance_floors,empty_distance_floors,loaded_distance_floors,stop_count,door_open_count,average_load,average_occupancy_rate,busy_seconds,idle_seconds
C1,1010.0,481.0,529.0,266,266,0.5692932330230536,0.037952882201536906,3777.799999999983,3784.7350000000088
C2,338.0,167.0,171.0,90,90,0.18636468950729781,0.012424312633819854,1265.100000000001,6249.199000000003
C3,50.0,20.0,30.0,24,24,0.05148617790316814,0.0034324118602112094,237.89999999999995,5787.018000000001
