{
  "scheduler_type": "prescient",
  "seed": 14,
  "average_waiting_time": 14.062979695431427,
  "median_waiting_time": 12.5,
  "p95_waiting_time": 25.713199999999773,
  "max_waiting_time": 45.13600000000042,
  "average_ride_time": 16.97715736040599,
  "average_total_service_time": 31.04013705583742,
  "pct_waited_over_30s": 0.025380710659898477,
  "pct_waited_over_60s": 0.0,
  "left_behind_count": 0,
  "left_behind_rate": 0.0,
  "transported_count": 197,
  "throughput_per_hour": 98.5,
  "evaluated_passenger_count": 197
}