car_id,total_distance_floors,empty_distance_floors,loaded_distance_floors,stop_count,door_open_count,average_load,average_occupancy_rate,busy_seconds,idle_seconds
C1,1088.0,524.0,564.0,275,275,0.6416494940729338,0.042776632938195586,4019.499999999982,3417.738000000013
C2,348.0,161.0,187.0,91,91,0.2123999809795161,0.01415999873196774,1297.7000000000012,5978.666000000004
C3,26.0,13.0,13.0,9,9,0.018334164141129004,0.0012222776094086003,106.5,4976.905999999999
