{
  "scheduler_type": "prescient",
  "seed": 33,
  "average_waiting_time": 15.266514705882244,
  "median_waiting_time": 15.0,
  "p95_waiting_time": 29.348600000000296,
  "max_waiting_time": 38.85199999999986,
  "average_ride_time": 17.851470588235166,
  "average_total_service_time": 33.11798529411741,
  "pct_waited_over_30s": 0.049019607843137254,
  "pct_waited_over_60s": 0.0,
  "left_behind_count": 0,
  "left_behind_rate": 0.0,
  "transported_count": 204,
  "throughput_per_hour": 102.0,
  "evaluated_passenger_count": 204
}