car_id,total_distance_floors,empty_distance_floors,loaded_distance_floors,stop_count,door_open_count,average_load,average_occupancy_rate,busy_seconds,idle_seconds
C1,470.0,232.0,238.0,132,132,0.2397210904382622,0.01598140602921748,1792.7000000000005,5740.638000000004
C2,426.0,210.0,216.0,111,111,0.23069350846965206,0.015379567231310138,1583.4000000000008,5930.899000000002
C3,458.0,220.0,238.0,120,120,0.24555513810782567,0.01637034254052171,1705.6000000000004,5526.177000000002
