{
  "scheduler_type": "predictive",
  "seed": 4,
  "average_waiting_time": 13.069225806451588,
  "median_waiting_time": 12.5,
  "p95_waiting_time": 25.40300000000002,
  "max_waiting_time": 38.03600000000006,
  "average_ride_time": 15.929569892473046,
  "average_total_service_time": 28.99879569892463,
  "pct_waited_over_30s": 0.021505376344086023,
  "pct_waited_over_60s": 0.0,
  "left_behind_count": 0,
  "left_behind_rate": 0.0,
  "transported_count": 186,
  "throughput_per_hour": 93.0,
  "evaluated_passenger_count": 186
}