car_id,total_distance_floors,empty_distance_floors,loaded_distance_floors,stop_count,door_open_count,average_load,average_occupancy_rate,busy_seconds,idle_seconds
C1,820.0,325.0,495.0,257,257,1.3011913772467616,0.08674609181645078,3301.4999999999914,516.7700000000109
C2,798.0,310.0,488.0,240,240,1.07125231950078,0.07141682130005199,3161.099999999995,774.014000000011
C3,688.0,274.0,414.0,209,209,0.9353723126440568,0.062358154176270456,2746.199999999997,1188.3830000000085
