{
  "scheduler_type": "predictive",
  "seed": 59,
  "average_waiting_time": 17.887681720429793,
  "median_waiting_time": 17.288999999999987,
  "p95_waiting_time": 36.41220000000003,
  "max_waiting_time": 53.25199999999904,
  "average_ride_time": 25.00989247311817,
  "average_total_service_time": 42.89757419354796,
  "pct_waited_over_30s": 0.11827956989247312,
  "pct_waited_over_60s": 0.0,
  "left_behind_count": 0,
  "left_behind_rate": 0.0,
  "transported_count": 465,
  "throughput_per_hour": 465.00000000000006,
  "evaluated_passenger_count": 465
}