car_id,total_distance_floors,empty_distance_floors,loaded_distance_floors,stop_count,door_open_count,average_load,average_occupancy_rate,busy_seconds,idle_seconds
C1,1116.0,518.0,598.0,288,288,0.7875369861768579,0.05250246574512386,4161.299999999981,3275.9380000000156
C2,210.0,96.0,114.0,66,66,0.17358534495973177,0.011572356330648785,836.1000000000009,5726.666000000004
C3,4.0,2.0,2.0,2,2,0.0020273499347705074,0.00013515666231803382,19.3,5061.224
