car_id,total_distance_floors,empty_distance_floors,loaded_distance_floors,stop_count,door_open_count,average_load,average_occupancy_rate,busy_seconds,idle_seconds
C1,984.0,479.0,505.0,256,256,0.505133346411133,0.03367555642740887,3661.3999999999846,3867.8990000000067
C2,322.0,148.0,174.0,95,95,0.23880164596884776,0.01592010973125652,1252.600000000001,6106.2270000000035
C3,68.0,31.0,37.0,23,23,0.04871956343499324,0.0032479708956662163,277.59999999999997,6085.347000000001
