car_id,total_distance_floors,empty_distance_floors,loaded_distance_floors,stop_count,door_open_count,average_load,average_occupancy_rate,busy_seconds,idle_seconds
C1,870.0,310.0,560.0,277,277,1.6136649634213567,0.10757766422809044,3545.9999999999895,392.36400000001083
C2,756.0,298.0,458.0,259,259,1.1524197656647965,0.0768279843776531,3152.899999999991,773.100000000011
C3,478.0,191.0,287.0,176,176,0.7044105989512561,0.04696070659675041,2047.900000000004,1882.9040000000068
