{
  "scheduler_type": "myopic",
  "seed": 66,
  "average_waiting_time": 17.015676954732104,
  "median_waiting_time": 15.538500000000113,
  "p95_waiting_time": 34.401249999999095,
  "max_waiting_time": 47.83800000000042,
  "average_ride_time": 26.484156378600723,
  "average_total_service_time": 43.49983333333283,
  "pct_waited_over_30s": 0.12139917695473251,
  "pct_waited_over_60s": 0.0,
  "left_behind_count": 0,
  "left_behind_rate": 0.0,
  "transported_count": 486,
  "throughput_per_hour": 486.00000000000006,
  "evaluated_passenger_count": 486
}