car_id,total_distance_floors,empty_distance_floors,loaded_distance_floors,stop_count,door_open_count,average_load,average_occupancy_rate,busy_seconds,idle_seconds
C1,562.0,266.0,296.0,152,152,0.2838005455070857,0.01892003636713905,2118.2999999999993,5422.207
C2,406.0,197.0,209.0,108,108,0.2240022126821243,0.014933480845474955,1520.4000000000005,6014.347000000003
C3,528.0,256.0,272.0,144,144,0.3120432065549268,0.02080288043699512,1993.1000000000006,5531.499000000003
