{
  "scheduler_type": "predictive",
  "seed": 53,
  "average_waiting_time": 18.414469432314217,
  "median_waiting_time": 17.12350000000015,
  "p95_waiting_time": 38.30825000000019,
  "max_waiting_time": 74.67100000000028,
  "average_ride_time": 24.933187772925645,
  "average_total_service_time": 43.34765720523986,
  "pct_waited_over_30s": 0.14192139737991266,
  "pct_waited_over_60s": 0.002183406113537118,
  "left_behind_count": 0,
  "left_behind_rate": 0.0,
  "transported_count": 458,
  "throughput_per_hour": 457.99999999999994,
  "evaluated_passenger_count": 458
}