car_id,total_distance_floors,empty_distance_floors,loaded_distance_floors,stop_count,door_open_count,average_load,average_occupancy_rate,busy_seconds,idle_seconds
C1,1086.0,519.0,567.0,276,276,0.5704366001298904,0.038029106675326024,4015.29999999998,3517.1760000000095
C2,282.0,132.0,150.0,80,80,0.19016274124210172,0.012677516082806782,1079.2000000000012,6455.399000000005
C3,94.0,47.0,47.0,24,24,0.0526161972032212,0.003507746480214747,346.59999999999997,7177.699
