{
  "scheduler_type": "prescient",
  "seed": 17,
  "average_waiting_time": 14.52979702970293,
  "median_waiting_time": 13.262000000000057,
  "p95_waiting_time": 26.094049999999875,
  "max_waiting_time": 56.26699999999937,
  "average_ride_time": 17.418811881188006,
  "average_total_service_time": 31.94860891089094,
  "pct_waited_over_30s": 0.04455445544554455,
  "pct_waited_over_60s": 0.0,
  "left_behind_count": 0,
  "left_behind_rate": 0.0,
  "transported_count": 202,
  "throughput_per_hour": 101.0,
  "evaluated_passenger_count": 202
}