car_id,total_distance_floors,empty_distance_floors,loaded_distance_floors,stop_count,door_open_count,average_load,average_occupancy_rate,busy_seconds,idle_seconds
C1,1012.0,488.0,524.0,279,279,0.5817302514507646,0.03878201676338431,3838.299999999983,3673.4290000000074
C2,340.0,156.0,184.0,92,92,0.21272477441338555,0.014181651627559038,1282.0000000000014,6028.385000000007
C3,14.0,7.0,7.0,9,9,0.017178302394848008,0.0011452201596565338,76.5,5529.409
