{
  "scheduler_type": "prescient",
  "seed": 10,
  "average_waiting_time": 13.543863636363586,
  "median_waiting_time": 12.5,
  "p95_waiting_time": 26.215299999999903,
  "max_waiting_time": 53.28299999999945,
  "average_ride_time": 16.493939393939282,
  "average_total_service_time": 30.037803030302868,
  "pct_waited_over_30s": 0.025252525252525252,
  "pct_waited_over_60s": 0.0,
  "left_behind_count": 0,
  "left_behind_rate": 0.0,
  "transported_count": 198,
  "throughput_per_hour": 99.0,
  "evaluated_passenger_count": 198
}