car_id,total_distance_floors,empty_distance_floors,loaded_distance_floors,stop_count,door_open_count,average_load,average_occupancy_rate,busy_seconds,idle_seconds
C1,1128.0,497.0,631.0,297,297,0.7342746968690158,0.048951646457934386,4227.29999999998,3313.747000000013
C2,174.0,80.0,94.0,68,68,0.1484566514400375,0.0098971100960025,756.7000000000007,6785.569000000001
C3,28.0,9.0,19.0,8,8,0.052986378931033966,0.003532425262068931,109.80000000000001,7426.099
