{
  "scheduler_type": "myopic",
  "seed": 29,
  "average_waiting_time": 14.126990430621948,
  "median_waiting_time": 13.735999999999876,
  "p95_waiting_time": 26.578000000000024,
  "max_waiting_time": 36.044000000000324,
  "average_ride_time": 19.248803827751065,
  "average_total_service_time": 33.37579425837301,
  "pct_waited_over_30s": 0.03349282296650718,
  "pct_waited_over_60s": 0.0,
  "left_behind_count": 0,
  "left_behind_rate": 0.0,
  "transported_count": 209,
  "throughput_per_hour": 104.5,
  "evaluated_passenger_count": 209
}