car_id,total_distance_floors,empty_distance_floors,loaded_distance_floors,stop_count,door_open_count,average_load,average_occupancy_rate,busy_seconds,idle_seconds
C1,438.0,207.0,231.0,118,118,0.2389451463494134,0.015929676423294226,1649.2000000000007,5870.099000000005
C2,460.0,221.0,239.0,125,125,0.288893808539561,0.01925958723597073,1737.7000000000007,5756.057000000004
C3,586.0,288.0,298.0,147,147,0.29499379589254004,0.01966625305950267,2152.6999999999994,5338.305000000003
