{
  "scheduler_type": "predictive",
  "seed": 1,
  "average_waiting_time": 14.345965174129303,
  "median_waiting_time": 13.868999999999687,
  "p95_waiting_time": 25.31999999999971,
  "max_waiting_time": 50.21799999999939,
  "average_ride_time": 16.88457711442778,
  "average_total_service_time": 31.230542288557086,
  "pct_waited_over_30s": 0.029850746268656716,
  "pct_waited_over_60s": 0.0,
  "left_behind_count": 0,
  "left_behind_rate": 0.0,
  "transported_count": 201,
  "throughput_per_hour": 100.5,
  "evaluated_passenger_count": 201
}