car_id,total_distance_floors,empty_distance_floors,loaded_distance_floors,stop_count,door_open_count,average_load,average_occupancy_rate,busy_seconds,idle_seconds
C1,996.0,461.0,535.0,258,258,0.6140864992867024,0.04093909995244683,3706.4999999999845,3812.799000000011
C2,388.0,182.0,206.0,110,110,0.20888053882718613,0.013925369255145741,1485.4000000000005,6008.357000000004
C3,68.0,34.0,34.0,18,18,0.05331510656671573,0.003554340437781049,253.6999999999999,4155.9320000000025
