car_id,total_distance_floors,empty_distance_floors,loaded_distance_floors,stop_count,door_open_count,average_load,average_occupancy_rate,busy_seconds,idle_seconds
C1,1026.0,481.0,545.0,267,267,0.5845388904540528,0.03896925936360352,3820.499999999983,3693.79900000001
C2,242.0,106.0,136.0,69,69,0.18171906716304256,0.012114604477536171,931.3000000000011,6587.999000000004
C3,66.0,31.0,35.0,17,17,0.0814551743173075,0.005430344954487167,244.6999999999999,3465.3160000000007
