{
  "scheduler_type": "prescient",
  "seed": 24,
  "average_waiting_time": 14.4235459459459,
  "median_waiting_time": 15.0,
  "p95_waiting_time": 26.666799999999856,
  "max_waiting_time": 41.63399999999956,
  "average_ride_time": 17.483783783783657,
  "average_total_service_time": 31.907329729729557,
  "pct_waited_over_30s": 0.032432432432432434,
  "pct_waited_over_60s": 0.0,
  "left_behind_count": 0,
  "left_behind_rate": 0.0,
  "transported_count": 185,
  "throughput_per_hour": 92.5,
  "evaluated_passenger_count": 185
}