car_id,total_distance_floors,empty_distance_floors,loaded_distance_floors,stop_count,door_open_count,average_load,average_occupancy_rate,busy_seconds,idle_seconds
C1,908.0,354.0,554.0,263,263,1.1972666725038352,0.07981777816692234,3540.299999999989,377.12300000001323
C2,882.0,365.0,517.0,247,247,0.9558167779523704,0.06372111853015802,3397.599999999989,469.77300000001367
C3,748.0,304.0,444.0,223,223,0.8931308392107967,0.05954205594738645,2948.8999999999924,988.5970000000088
