{
  "scheduler_type": "prescient",
  "seed": 89,
  "average_waiting_time": 17.922559999999727,
  "median_waiting_time": 16.412999999999784,
  "p95_waiting_time": 36.589549999999406,
  "max_waiting_time": 60.24199999999996,
  "average_ride_time": 23.909777777777652,
  "average_total_service_time": 41.83233777777738,
  "pct_waited_over_30s": 0.1288888888888889,
  "pct_waited_over_60s": 0.0022222222222222222,
  "left_behind_count": 0,
  "left_behind_rate": 0.0,
  "transported_count": 450,
  "throughput_per_hour": 450.0,
  "evaluated_passenger_count": 450
}