car_id,total_distance_floors,empty_distance_floors,loaded_distance_floors,stop_count,door_open_count,average_load,average_occupancy_rate,busy_seconds,idle_seconds
C1,896.0,342.0,554.0,268,268,1.3451404622754874,0.08967603081836582,3556.799999999989,368.73800000001256
C2,736.0,273.0,463.0,246,246,1.2229018545107835,0.0815267903007189,3053.9999999999905,842.715000000013
C3,514.0,202.0,312.0,167,167,0.7579146502937887,0.050527643352919246,2094.9000000000024,1810.4210000000094
