{
  "scheduler_type": "myopic",
  "seed": 60,
  "average_waiting_time": 17.905017777777445,
  "median_waiting_time": 16.322999999999467,
  "p95_waiting_time": 36.30214999999979,
  "max_waiting_time": 52.96699999999828,
  "average_ride_time": 26.438888888888744,
  "average_total_service_time": 44.343906666666186,
  "pct_waited_over_30s": 0.13777777777777778,
  "pct_waited_over_60s": 0.0,
  "left_behind_count": 0,
  "left_behind_rate": 0.0,
  "transported_count": 450,
  "throughput_per_hour": 450.0,
  "evaluated_passenger_count": 450
}