car_id,total_distance_floors,empty_distance_floors,loaded_distance_floors,stop_count,door_open_count,average_load,average_occupancy_rate,busy_seconds,idle_seconds
C1,910.0,373.0,537.0,282,282,1.2135483805483065,0.0809032253698871,3649.5999999999876,291.24000000001234
C2,794.0,339.0,455.0,243,243,0.9021541013083031,0.06014360675388687,3161.199999999993,779.7010000000103
C3,622.0,268.0,354.0,212,212,0.7667504092672306,0.051116693951148706,2569.2999999999965,1356.6190000000083
