car_id,total_distance_floors,empty_distance_floors,loaded_distance_floors,stop_count,door_open_count,average_load,average_occupancy_rate,busy_seconds,idle_seconds
C1,1044.0,483.0,561.0,269,269,0.6207217681341597,0.04138145120894398,3874.799999999984,3628.884000000008
C2,322.0,161.0,161.0,94,94,0.16551707262191223,0.011034471508127482,1242.7000000000012,6276.766
C3,68.0,34.0,34.0,18,18,0.02378571530187316,0.0015857143534582106,253.69999999999993,7267.621
