car_id,total_distance_floors,empty_distance_floors,loaded_distance_floors,stop_count,door_open_count,average_load,average_occupancy_rate,busy_seconds,idle_seconds
C1,522.0,252.0,270.0,115,115,0.29795059900747684,0.019863373267165123,1842.6000000000006,5690.528000000003
C2,430.0,210.0,220.0,104,104,0.2322290947600299,0.01548193965066866,1560.2000000000007,5959.099000000004
C3,502.0,247.0,255.0,130,130,0.2543663095329323,0.016957753968862156,1864.7000000000005,5664.599000000004
