{
  "scheduler_type": "predictive",
  "seed": 28,
  "average_waiting_time": 14.56628813559318,
  "median_waiting_time": 15.0,
  "p95_waiting_time": 26.2525999999998,
  "max_waiting_time": 43.61999999999989,
  "average_ride_time": 17.69435028248577,
  "average_total_service_time": 32.26063841807895,
  "pct_waited_over_30s": 0.02824858757062147,
  "pct_waited_over_60s": 0.0,
  "left_behind_count": 0,
  "left_behind_rate": 0.0,
  "transported_count": 177,
  "throughput_per_hour": 88.5,
  "evaluated_passenger_count": 177
}