car_id,total_distance_floors,empty_distance_floors,loaded_distance_floors,stop_count,door_open_count,average_load,average_occupancy_rate,busy_seconds,idle_seconds
C1,878.0,318.0,560.0,284,284,1.6950380499550526,0.11300253666367018,3601.6999999999875,332.07600000001355
C2,752.0,295.0,457.0,213,213,1.044244683852175,0.06961631225681167,2924.8999999999937,1009.8100000000097
C3,388.0,155.0,233.0,141,141,0.5271030852352917,0.03514020568235278,1649.5000000000014,2095.498000000004
