car_id,total_distance_floors,empty_distance_floors,loaded_distance_floors,stop_count,door_open_count,average_load,average_occupancy_rate,busy_seconds,idle_seconds
C1,436.0,210.0,226.0,111,111,0.22236272471989713,0.014824181647993142,1610.7000000000012,5903.599000000002
C2,560.0,274.0,286.0,150,150,0.32489105835543175,0.021659403890362118,2103.2999999999997,5459.235000000005
C3,406.0,190.0,216.0,122,122,0.24099239015410898,0.016066159343607264,1587.800000000001,5826.542000000005
