{
  "scheduler_type": "predictive",
  "seed": 14,
  "average_waiting_time": 13.718131979695416,
  "median_waiting_time": 12.5,
  "p95_waiting_time": 26.388399999999994,
  "max_waiting_time": 45.13600000000042,
  "average_ride_time": 16.490862944162348,
  "average_total_service_time": 30.208994923857766,
  "pct_waited_over_30s": 0.025380710659898477,
  "pct_waited_over_60s": 0.0,
  "left_behind_count": 0,
  "left_behind_rate": 0.0,
  "transported_count": 197,
  "throughput_per_hour": 98.5,
  "evaluated_passenger_count": 197
}