{
  "scheduler_type": "predictive",
  "seed": 67,
  "average_waiting_time": 18.261531615924643,
  "median_waiting_time": 17.53800000000001,
  "p95_waiting_time": 36.62600000000002,
  "max_waiting_time": 47.07400000000075,
  "average_ride_time": 24.96065573770478,
  "average_total_service_time": 43.22218735362942,
  "pct_waited_over_30s": 0.13348946135831383,
  "pct_waited_over_60s": 0.0,
  "left_behind_count": 0,
  "left_behind_rate": 0.0,
  "transported_count": 427,
  "throughput_per_hour": 427.0,
  "evaluated_passenger_count": 427
}