car_id,total_distance_floors,empty_distance_floors,loaded_distance_floors,stop_count,door_open_count,average_load,average_occupancy_rate,busy_seconds,idle_seconds
C1,916.0,366.0,550.0,276,276,1.4375389224196657,0.09583592816131105,3650.5999999999867,296.35400000001255
C2,722.0,280.0,442.0,245,245,1.2736182995903917,0.08490788663935946,3011.199999999994,878.8980000000101
C3,608.0,233.0,375.0,193,193,0.8502051544568039,0.05668034363045359,2462.799999999999,1369.9220000000116
