{
  "scheduler_type": "myopic",
  "seed": 55,
  "average_waiting_time": 19.091853360488454,
  "median_waiting_time": 17.719999999999914,
  "p95_waiting_time": 36.92550000000017,
  "max_waiting_time": 55.052999999998065,
  "average_ride_time": 26.659063136456062,
  "average_total_service_time": 45.75091649694451,
  "pct_waited_over_30s": 0.1425661914460285,
  "pct_waited_over_60s": 0.0,
  "left_behind_count": 0,
  "left_behind_rate": 0.0,
  "transported_count": 491,
  "throughput_per_hour": 491.0,
  "evaluated_passenger_count": 491
}