car_id,total_distance_floors,empty_distance_floors,loaded_distance_floors,stop_count,door_open_count,average_load,average_occupancy_rate,busy_seconds,idle_seconds
C1,862.0,320.0,542.0,264,264,1.383256964437775,0.09221713096251834,3451.7999999999925,493.96000000000777
C2,716.0,258.0,458.0,227,227,1.2206046148293639,0.08137364098862426,2899.699999999993,1026.469000000012
C3,708.0,292.0,416.0,207,207,0.9791370715607735,0.06527580477071823,2778.799999999995,1153.438000000009
