{
  "scheduler_type": "predictive",
  "seed": 68,
  "average_waiting_time": 18.444581545064135,
  "median_waiting_time": 17.5,
  "p95_waiting_time": 35.79974999999983,
  "max_waiting_time": 54.823999999998705,
  "average_ride_time": 28.617596566523464,
  "average_total_service_time": 47.0621781115876,
  "pct_waited_over_30s": 0.14377682403433475,
  "pct_waited_over_60s": 0.0,
  "left_behind_count": 0,
  "left_behind_rate": 0.0,
  "transported_count": 466,
  "throughput_per_hour": 466.0,
  "evaluated_passenger_count": 466
}