{
  "scheduler_type": "myopic",
  "seed": 18,
  "average_waiting_time": 15.135776119402925,
  "median_waiting_time": 15.0,
  "p95_waiting_time": 30.014000000001033,
  "max_waiting_time": 37.85699999999997,
  "average_ride_time": 18.860696517412794,
  "average_total_service_time": 33.99647263681572,
  "pct_waited_over_30s": 0.05472636815920398,
  "pct_waited_over_60s": 0.0,
  "left_behind_count": 0,
  "left_behind_rate": 0.0,
  "transported_count": 201,
  "throughput_per_hour": 100.5,
  "evaluated_passenger_count": 201
}