{
  "scheduler_type": "predictive",
  "seed": 44,
  "average_waiting_time": 18.106219354838387,
  "median_waiting_time": 16.928999999999178,
  "p95_waiting_time": 37.00100000000008,
  "max_waiting_time": 59.815000000000055,
  "average_ride_time": 26.4260215053762,
  "average_total_service_time": 44.53224086021458,
  "pct_waited_over_30s": 0.11612903225806452,
  "pct_waited_over_60s": 0.0,
  "left_behind_count": 0,
  "left_behind_rate": 0.0,
  "transported_count": 465,
  "throughput_per_hour": 465.00000000000006,
  "evaluated_passenger_count": 465
}