car_id,total_distance_floors,empty_distance_floors,loaded_distance_floors,stop_count,door_open_count,average_load,average_occupancy_rate,busy_seconds,idle_seconds
C1,968.0,443.0,525.0,259,259,0.6449692703746779,0.04299795135831186,3642.1999999999844,3853.661000000008
C2,282.0,136.0,146.0,78,78,0.12729860905696505,0.008486573937131004,1070.6000000000013,6390.5970000000025
C3,34.0,17.0,17.0,12,12,0.02318427746813647,0.0015456184978757646,140.79999999999998,7265.081
