{
  "myopic": {
    "average_waiting_time_mean": 17.65293806910026,
    "average_waiting_time_std": 0.7726586171717696,
    "average_waiting_time_ci95_low": 16.895732624271925,
    "average_waiting_time_ci95_high": 18.410143513928592,
    "median_waiting_time_mean": 16.200399999999654,
    "median_waiting_time_std": 0.8614330734308061,
    "median_waiting_time_ci95_low": 15.356195588037464,
    "median_waiting_time_ci95_high": 17.044604411961842,
    "p95_waiting_time_mean": 36.13531999999981,
    "p95_waiting_time_std": 0.8729067994926012,
    "p95_waiting_time_ci95_low": 35.27987133649706,
    "p95_waiting_time_ci95_high": 36.99076866350256,
    "max_waiting_time_mean": 51.67799999999943,
    "max_waiting_time_std": 5.6757728989094955,
    "max_waiting_time_ci95_low": 46.115742559068124,
    "max_waiting_time_ci95_high": 57.24025744093073,
    "average_ride_time_mean": 26.642119790178395,
    "average_ride_time_std": 0.8112716868596236,
    "average_ride_time_ci95_low": 25.847073537055962,
    "average_ride_time_ci95_high": 27.437166043300827,
    "average_total_service_time_mean": 44.29505785927866,
    "average_total_service_time_std": 1.3413727027319662,
    "average_total_service_time_ci95_low": 42.98051261060133,
    "average_total_service_time_ci95_high": 45.609603107955984,
    "pct_waited_over_30s_mean": 0.12741341387371782,
    "pct_waited_over_30s_std": 0.017465052169838447,
    "pct_waited_over_30s_ci95_low": 0.11029766274727615,
    "pct_waited_over_30s_ci95_high": 0.1445291650001595,
    "pct_waited_over_60s_mean": 0.0004098360655737705,
    "pct_waited_over_60s_std": 0.000819672131147541,
    "pct_waited_over_60s_ci95_low": -0.00039344262295081965,
    "pct_waited_over_60s_ci95_high": 0.0012131147540983605,
    "left_behind_count_mean": 0.0,
    "left_behind_count_std": 0.0,
    "left_behind_count_ci95_low": 0.0,
    "left_behind_count_ci95_high": 0.0,
    "left_behind_rate_mean": 0.0,
    "left_behind_rate_std": 0.0,
    "left_behind_rate_ci95_low": 0.0,
    "left_behind_rate_ci95_high": 0.0,
    "transported_count_mean": 461.4,
    "transported_count_std": 15.2,
    "transported_count_ci95_low": 446.50399999999996,
    "transported_count_ci95_high": 476.296,
    "throughput_per_hour_mean": 461.4,
    "throughput_per_hour_std": 15.200000000000022,
    "throughput_per_hour_ci95_low": 446.50399999999996,
    "throughput_per_hour_ci95_high": 476.296,
    "evaluated_passenger_count_mean": 461.4,
    "evaluated_passenger_count_std": 15.2,
    "evaluated_passenger_count_ci95_low": 446.50399999999996,
    "evaluated_passenger_count_ci95_high": 476.296,
    "n_runs": 5,
    "empty_distance_mean": 790.2,
    "empty_distance_std": 52.43433989286029,
    "empty_distance_ci95_low": 738.814346904997,
    "empty_distance_ci95_high": 841.5856530950031,
    "stop_count_mean": 690.4,
    "stop_count_std": 20.934182573007238,
    "stop_count_ci95_low": 669.8845010784529,
    "stop_count_ci95_high": 710.915498921547,
    "total_distance_mean": 2108.4,
    "total_distance_std": 112.33806122592645,
    "total_distance_ci95_low": 1998.3086999985921,
    "total_distance_ci95_high": 2218.491300001408
  },
  "nearest_car": {
    "average_waiting_time_mean": 18.10319461080338,
    "average_waiting_time_std": 0.7000962834264022,
    "average_waiting_time_ci95_low": 17.417100253045508,
    "average_waiting_time_ci95_high": 18.789288968561255,
    "median_waiting_time_mean": 16.823099999999886,
    "median_waiting_time_std": 0.5434617189830517,
    "median_waiting_time_ci95_low": 16.290507515396495,
    "median_waiting_time_ci95_high": 17.355692484603278,
    "p95_waiting_time_mean": 37.554539999999115,
    "p95_waiting_time_std": 0.8615956008472075,
    "p95_waiting_time_ci95_low": 36.71017631116885,
    "p95_waiting_time_ci95_high": 38.39890368882938,
    "max_waiting_time_mean": 59.1609999999996,
    "max_waiting_time_std": 6.855273094486492,
    "max_waiting_time_ci95_low": 52.44283236740284,
    "max_waiting_time_ci95_high": 65.87916763259636,
    "average_ride_time_mean": 23.392528341504423,
    "average_ride_time_std": 1.1948320876066876,
    "average_ride_time_ci95_low": 22.22159289564987,
    "average_ride_time_ci95_high": 24.563463787358977,
    "average_total_service_time_mean": 41.49572295230781,
    "average_total_service_time_std": 1.5044367726227663,
    "average_total_service_time_ci95_low": 40.0213749151375,
    "average_total_service_time_ci95_high": 42.97007098947812,
    "pct_waited_over_30s_mean": 0.14486160528817965,
    "pct_waited_over_30s_std": 0.02333075746754679,
    "pct_waited_over_30s_ci95_low": 0.12199746296998379,
    "pct_waited_over_30s_ci95_high": 0.1677257476063755,
    "pct_waited_over_60s_mean": 0.0012747262011511434,
    "pct_waited_over_60s_std": 0.00104165403222291,
    "pct_waited_over_60s_ci95_low": 0.0002539052495726915,
    "pct_waited_over_60s_ci95_high": 0.0022955471527295952,
    "left_behind_count_mean": 0.0,
    "left_behind_count_std": 0.0,
    "left_behind_count_ci95_low": 0.0,
    "left_behind_count_ci95_high": 0.0,
    "left_behind_rate_mean": 0.0,
    "left_behind_rate_std": 0.0,
    "left_behind_rate_ci95_low": 0.0,
    "left_behind_rate_ci95_high": 0.0,
    "transported_count_mean": 461.4,
    "transported_count_std": 15.2,
    "transported_count_ci95_low": 446.50399999999996,
    "transported_count_ci95_high": 476.296,
    "throughput_per_hour_mean": 461.4,
    "throughput_per_hour_std": 15.200000000000022,
    "throughput_per_hour_ci95_low": 446.50399999999996,
    "throughput_per_hour_ci95_high": 476.296,
    "evaluated_passenger_count_mean": 461.4,
    "evaluated_passenger_count_std": 15.2,
    "evaluated_passenger_count_ci95_low": 446.50399999999996,
    "evaluated_passenger_count_ci95_high": 476.296,
    "n_runs": 5,
    "empty_distance_mean": 923.0,
    "empty_distance_std": 38.1103660438994,
    "empty_distance_ci95_low": 885.6518412769786,
    "empty_distance_ci95_high": 960.3481587230214,
    "stop_count_mean": 729.4,
    "stop_count_std": 15.894653189044421,
    "stop_count_ci95_low": 713.8232398747365,
    "stop_count_ci95_high": 744.9767601252635,
    "total_distance_mean": 2250.8,
    "total_distance_std": 82.57457235735465,
    "total_distance_ci95_low": 2169.876919089793,
    "total_distance_ci95_high": 2331.7230809102075
  },
  "prescient": {
    "average_waiting_time_mean": 17.923838135751502,
    "average_waiting_time_std": 0.7640038593731272,
    "average_waiting_time_ci95_low": 17.17511435356584,
    "average_waiting_time_ci95_high": 18.672561917937166,
    "median_waiting_time_mean": 16.679799999999886,
    "median_waiting_time_std": 0.7237606372274669,
    "median_waiting_time_ci95_low": 15.970514575516969,
    "median_waiting_time_ci95_high": 17.389085424482804,
    "p95_waiting_time_mean": 36.7617299999997,
    "p95_waiting_time_std": 2.6631614343858097,
    "p95_waiting_time_ci95_low": 34.15183179430161,
    "p95_waiting_time_ci95_high": 39.371628205697796,
    "max_waiting_time_mean": 59.59999999999961,
    "max_waiting_time_std": 4.917480045713737,
    "max_waiting_time_ci95_low": 54.78086955520015,
    "max_waiting_time_ci95_high": 64.41913044479907,
    "average_ride_time_mean": 24.57927084807877,
    "average_ride_time_std": 1.6259089117898995,
    "average_ride_time_ci95_low": 22.98588011452467,
    "average_ride_time_ci95_high": 26.172661581632873,
    "average_total_service_time_mean": 42.503108983830266,
    "average_total_service_time_std": 2.178308424713982,
    "average_total_service_time_ci95_low": 40.368366727610564,
    "average_total_service_time_ci95_high": 44.63785124004997,
    "pct_waited_over_30s_mean": 0.11794944752767851,
    "pct_waited_over_30s_std": 0.0259827642828096,
    "pct_waited_over_30s_ci95_low": 0.09248633853052511,
    "pct_waited_over_30s_ci95_high": 0.14341255652483192,
    "pct_waited_over_60s_mean": 0.002119344875420566,
    "pct_waited_over_60s_std": 0.0018903359679733722,
    "pct_waited_over_60s_ci95_low": 0.00026681562680666115,