{
  "myopic": {
    "average_waiting_time_mean": 17.65293806910026,
    "average_waiting_time_std": 0.7726586171717696,
    "median_waiting_time_mean": 16.200399999999654,
    "median_waiting_time_std": 0.8614330734308061,
    "p95_waiting_time_mean": 36.13531999999981,
    "p95_waiting_time_std": 0.8729067994926012,
    "max_waiting_time_mean": 51.67799999999943,
    "max_waiting_time_std": 5.6757728989094955,
    "average_ride_time_mean": 26.642119790178395,
    "average_ride_time_std": 0.8112716868596236,
    "average_total_service_time_mean": 44.29505785927866,
    "average_total_service_time_std": 1.3413727027319662,
    "pct_waited_over_30s_mean": 0.12741341387371782,
    "pct_waited_over_30s_std": 0.017465052169838447,
    "pct_waited_over_60s_mean": 0.0004098360655737705,
    "pct_waited_over_60s_std": 0.000819672131147541,
    "left_behind_count_mean": 0.0,
    "left_behind_count_std": 0.0,
    "left_behind_rate_mean": 0.0,
    "left_behind_rate_std": 0.0,
    "transported_count_mean": 461.4,
    "transported_count_std": 15.2,
    "throughput_per_hour_mean": 461.4,
    "throughput_per_hour_std": 15.200000000000022,
    "evaluated_passenger_count_mean": 461.4,
    "evaluated_passenger_count_std": 15.2,
    "n_runs": 5,
    "empty_distance_mean": 790.2,
    "empty_distance_std": 52.43433989286029,
    "stop_count_mean": 690.4,
    "stop_count_std": 20.934182573007238,
    "total_distance_mean": 2108.4,
    "total_distance_std": 112.33806122592645
  },
  "nearest_car": {
    "average_waiting_time_mean": 18.10319461080338,
    "average_waiting_time_std": 0.7000962834264022,
    "median_waiting_time_mean": 16.823099999999886,
    "median_waiting_time_std": 0.5434617189830517,
    "p95_waiting_time_mean": 37.554539999999115,
    "p95_waiting_time_std": 0.8615956008472075,
    "max_waiting_time_mean": 59.1609999999996,
    "max_waiting_time_std": 6.855273094486492,
    "average_ride_time_mean": 23.392528341504423,
    "average_ride_time_std": 1.1948320876066876,
    "average_total_service_time_mean": 41.49572295230781,
    "average_total_service_time_std": 1.5044367726227663,
    "pct_waited_over_30s_mean": 0.14486160528817965,
    "pct_waited_over_30s_std": 0.02333075746754679,
    "pct_waited_over_60s_mean": 0.0012747262011511434,
    "pct_waited_over_60s_std": 0.00104165403222291,
    "left_behind_count_mean": 0.0,
    "left_behind_count_std": 0.0,
    "left_behind_rate_mean": 0.0,
    "left_behind_rate_std": 0.0,
    "transported_count_mean": 461.4,
    "transported_count_std": 15.2,
    "throughput_per_hour_mean": 461.4,
    "throughput_per_hour_std": 15.200000000000022,
    "evaluated_passenger_count_mean": 461.4,
    "evaluated_passenger_count_std": 15.2,
    "n_runs": 5,
    "empty_distance_mean": 923.0,
    "empty_distance_std": 38.1103660438994,
    "stop_count_mean": 729.4,
    "stop_count_std": 15.894653189044421,
    "total_distance_mean": 2250.8,
    "total_distance_std": 82.57457235735465
  },
  "prescient": {
    "average_waiting_time_mean": 17.923838135751502,
    "average_waiting_time_std": 0.7640038593731272,
    "median_waiting_time_mean": 16.679799999999886,
    "median_waiting_time_std": 0.7237606372274669,
    "p95_waiting_time_mean": 36.7617299999997,
    "p95_waiting_time_std": 2.6631614343858097,
    "max_waiting_time_mean": 59.59999999999961,
    "max_waiting_time_std": 4.917480045713737,
    "average_ride_time_mean": 24.57927084807877,
    "average_ride_time_std": 1.6259089117898995,
    "average_total_service_time_mean": 42.503108983830266,
    "average_total_service_time_std": 2.178308424713982,
    "pct_waited_over_30s_mean": 0.11794944752767851,
    "pct_waited_over_30s_std": 0.0259827642828096,
    "pct_waited_over_60s_mean": 0.002119344875420566,
    "pct_waited_over_60s_std": 0.0018903359679733722,
    "left_behind_count_mean": 0.0,
    "left_behind_count_std": 0.0,
    "left_behind_rate_mean": 0.0,
    "left_behind_rate_std": 0.0,
    "transported_count_mean": 461.4,
    "transported_count_std": 15.2,
    "throughput_per_hour_mean": 461.4,
    "throughput_per_hour_std": 15.200000000000022,
    "evaluated_passenger_count_mean": 461.4,
    "evaluated_passenger_count_std": 15.2,
    "n_runs": 5,
    "empty_distance_mean": 994.0,
    "empty_distance_std": 39.33954753171419,
    "stop_count_mean": 737.6,
    "stop_count_std": 9.243376006633074,
    "total_distance_mean": 2462.8,
    "total_distance_std": 78.25701246533757
  },
  "predictive": {
    "average_waiting_time_mean": 18.258011812551207,
    "average_waiting_time_std": 0.7343103832069064,
    "median_waiting_time_mean": 17.094799999999374,
    "median_waiting_time_std": 0.5847591470007497,
    "p95_waiting_time_mean": 36.832169999999884,
    "p95_waiting_time_std": 1.3894281163847573,
    "max_waiting_time_mean": 57.427999999999386,
    "max_waiting_time_std": 3.026509672874103,
    "average_ride_time_mean": 26.041516093694565,
    "average_ride_time_std": 1.1720964232465214,
    "average_total_service_time_mean": 44.29952790624578,
    "average_total_service_time_std": 1.7900838729006918,
    "pct_waited_over_30s_mean": 0.12378120789724956,
    "pct_waited_over_30s_std": 0.02034610306869804,
    "pct_waited_over_60s_mean": 0.0004098360655737705,
    "pct_waited_over_60s_std": 0.000819672131147541,
    "left_behind_count_mean": 0.0,
    "left_behind_count_std": 0.0,
    "left_behind_rate_mean": 0.0,
    "left_behind_rate_std": 0.0,
    "transported_count_mean": 461.4,
    "transported_count_std": 15.2,
    "throughput_per_hour_mean": 461.4,
    "throughput_per_hour_std": 15.200000000000022,
    "evaluated_passenger_count_mean": 461.4,
    "evaluated_passenger_count_std": 15.2,
    "n_runs": 5,
    "empty_distance_mean": 900.0,
    "empty_distance_std": 18.121810064118872,
    "stop_count_mean": 707.8,
    "stop_count_std": 19.63058837630701,
    "total_distance_mean": 2290.0,
    "total_distance_std": 77.3873374655053
  }
}