{
  "average_waiting_time_mean": 18.205116636607332,
  "average_waiting_time_std": 0.678894368982465,
  "average_waiting_time_ci95_low": 18.01502621329224,
  "average_waiting_time_ci95_high": 18.395207059922424,
  "median_waiting_time_mean": 17.095249999999766,
  "median_waiting_time_std": 0.7376703277887212,
  "median_waiting_time_ci95_low": 16.888702308218924,
  "median_waiting_time_ci95_high": 17.301797691780607,
  "p95_waiting_time_mean": 36.29687699999953,
  "p95_waiting_time_std": 1.6387161391227356,
  "p95_waiting_time_ci95_low": 35.838036481045165,
  "p95_waiting_time_ci95_high": 36.7557175189539,
  "max_waiting_time_mean": 56.89919999999935,
  "max_waiting_time_std": 6.666252089442598,
  "max_waiting_time_ci95_low": 55.03264941495542,
  "max_waiting_time_ci95_high": 58.76575058504327,
  "average_ride_time_mean": 25.8241303808937,
  "average_ride_time_std": 1.3095353697777892,
  "average_ride_time_ci95_low": 25.45746047735592,
  "average_ride_time_ci95_high": 26.19080028443148,
  "average_total_service_time_mean": 44.029247017501035,
  "average_total_service_time_std": 1.7332623317819065,
  "average_total_service_time_ci95_low": 43.5439335646021,
  "average_total_service_time_ci95_high": 44.51456047039997,
  "pct_waited_over_30s_mean": 0.12974149345404146,
  "pct_waited_over_30s_std": 0.018510338903922438,
  "pct_waited_over_30s_ci95_low": 0.12455859856094317,
  "pct_waited_over_30s_ci95_high": 0.13492438834713974,
  "pct_waited_over_60s_mean": 0.0007329437965686279,
  "pct_waited_over_60s_std": 0.0013386598431401782,
  "pct_waited_over_60s_ci95_low": 0.000358119040489378,
  "pct_waited_over_60s_ci95_high": 0.0011077685526478778,
  "left_behind_count_mean": 0.0,
  "left_behind_count_std": 0.0,
  "left_behind_count_ci95_low": 0.0,
  "left_behind_count_ci95_high": 0.0,
  "left_behind_rate_mean": 0.0,
  "left_behind_rate_std": 0.0,
  "left_behind_rate_ci95_low": 0.0,
  "left_behind_rate_ci95_high": 0.0,
  "transported_count_mean": 455.94,
  "transported_count_std": 17.7757250203754,
  "transported_count_ci95_low": 450.9627969942949,
  "transported_count_ci95_high": 460.9172030057051,
  "throughput_per_hour_mean": 455.94,
  "throughput_per_hour_std": 17.775725020375408,
  "throughput_per_hour_ci95_low": 450.9627969942949,
  "throughput_per_hour_ci95_high": 460.9172030057051,
  "evaluated_passenger_count_mean": 455.94,
  "evaluated_passenger_count_std": 17.7757250203754,
  "evaluated_passenger_count_ci95_low": 450.9627969942949,
  "evaluated_passenger_count_ci95_high": 460.9172030057051,
  "n_runs": 50,
  "empty_distance_mean": 905.1,
  "empty_distance_std": 34.9784219198065,
  "empty_distance_ci95_low": 895.3060418624542,
  "empty_distance_ci95_high": 914.8939581375458,
  "stop_count_mean": 701.1,
  "stop_count_std": 20.542881978923987,
  "stop_count_ci95_low": 695.3479930459013,
  "stop_count_ci95_high": 706.8520069540988,
  "total_distance_mean": 2278.12,
  "total_distance_std": 74.03611010851394,
  "total_distance_ci95_low": 2257.389889169616,
  "total_distance_ci95_high": 2298.850110830384
}