{
  "average_waiting_time_mean": 18.205116636607332,
  "average_waiting_time_std": 0.678894368982465,
  "median_waiting_time_mean": 17.095249999999766,
  "median_waiting_time_std": 0.7376703277887212,
  "p95_waiting_time_mean": 36.29687699999953,
  "p95_waiting_time_std": 1.6387161391227356,
  "max_waiting_time_mean": 56.89919999999935,
  "max_waiting_time_std": 6.666252089442598,
  "average_ride_time_mean": 25.8241303808937,
  "average_ride_time_std": 1.3095353697777892,
  "average_total_service_time_mean": 44.029247017501035,
  "average_total_service_time_std": 1.7332623317819065,
  "pct_waited_over_30s_mean": 0.12974149345404146,
  "pct_waited_over_30s_std": 0.018510338903922438,
  "pct_waited_over_60s_mean": 0.0007329437965686279,
  "pct_waited_over_60s_std": 0.0013386598431401782,
  "left_behind_count_mean": 0.0,
  "left_behind_count_std": 0.0,
  "left_behind_rate_mean": 0.0,
  "left_behind_rate_std": 0.0,
  "transported_count_mean": 455.94,
  "transported_count_std": 17.7757250203754,
  "throughput_per_hour_mean": 455.94,
  "throughput_per_hour_std": 17.775725020375408,
  "evaluated_passenger_count_mean": 455.94,
  "evaluated_passenger_count_std": 17.7757250203754,
  "n_runs": 50,
  "empty_distance_mean": 905.1,
  "empty_distance_std": 34.9784219198065,
  "stop_count_mean": 701.1,
  "stop_count_std": 20.542881978923987,
  "total_distance_mean": 2278.12,
  "total_distance_std": 74.03611010851394
}