car_id,total_distance_floors,empty_distance_floors,loaded_distance_floors,stop_count,door_open_count,average_load,average_occupancy_rate,busy_seconds,idle_seconds
C1,1168.0,552.0,616.0,303,303,0.7055193702224697,0.04703462468149798,4352.999999999981,3132.691000000008
C2,242.0,110.0,132.0,66,66,0.15796720995405716,0.010531147330270477,917.1000000000013,6572.429000000002
C3,30.0,15.0,15.0,6,6,0.013675434692340019,0.0009116956461560012,102.89999999999999,7136.357999999999
