{
  "scheduler_type": "myopic",
  "seed": 42,
  "average_waiting_time": 15.967985436893132,
  "median_waiting_time": 15.0,
  "p95_waiting_time": 30.151249999999834,
  "max_waiting_time": 40.80599999999913,
  "average_ride_time": 18.23009708737855,
  "average_total_service_time": 34.19808252427168,
  "pct_waited_over_30s": 0.05339805825242718,
  "pct_waited_over_60s": 0.0,
  "left_behind_count": 0,
  "left_behind_rate": 0.0,
  "transported_count": 206,
  "throughput_per_hour": 103.0,
  "evaluated_passenger_count": 206
}