car_id,total_distance_floors,empty_distance_floors,loaded_distance_floors,stop_count,door_open_count,average_load,average_occupancy_rate,busy_seconds,idle_seconds
C1,1098.0,528.0,570.0,279,279,0.6163293622225262,0.04108862414816841,4054.9999999999795,3431.906000000007
C2,348.0,157.0,191.0,93,93,0.18636980056872873,0.012424653371248583,1306.0000000000011,6137.266000000005
C3,62.0,25.0,37.0,17,17,0.05319284335599943,0.0035461895570666284,235.99999999999994,6992.416000000001
