{
  "scheduler_type": "prescient",
  "seed": 42,
  "average_waiting_time": 14.777898058252353,
  "median_waiting_time": 15.0,
  "p95_waiting_time": 27.319249999998874,
  "max_waiting_time": 40.80599999999913,
  "average_ride_time": 17.592718446601832,
  "average_total_service_time": 32.37061650485418,
  "pct_waited_over_30s": 0.03398058252427184,
  "pct_waited_over_60s": 0.0,
  "left_behind_count": 0,
  "left_behind_rate": 0.0,
  "transported_count": 206,
  "throughput_per_hour": 103.0,
  "evaluated_passenger_count": 206
}