car_id,total_distance_floors,empty_distance_floors,loaded_distance_floors,stop_count,door_open_count,average_load,average_occupancy_rate,busy_seconds,idle_seconds
C1,1010.0,473.0,537.0,286,286,0.6969154202936384,0.04646102801957589,3878.8999999999833,3645.3990000000094
C2,172.0,85.0,87.0,60,60,0.1128766617240371,0.0075251107816024735,709.6000000000005,6696.714000000002
C3,4.0,2.0,2.0,4,4,0.002627281250626295,0.00017515208337508633,28.599999999999998,5909.097
