car_id,total_distance_floors,empty_distance_floors,loaded_distance_floors,stop_count,door_open_count,average_load,average_occupancy_rate,busy_seconds,idle_seconds
C1,908.0,335.0,573.0,286,286,1.4542380057270758,0.09694920038180506,3674.9999999999864,250.5610000000138
C2,786.0,293.0,493.0,258,258,1.3142607948814367,0.0876173863254291,3228.7999999999906,676.361000000013
C3,518.0,225.0,293.0,173,173,0.5881864782222891,0.03921243188148594,2123.900000000001,1792.3750000000068
