{
  "scheduler_type": "myopic",
  "seed": 74,
  "average_waiting_time": 17.36757758620657,
  "median_waiting_time": 15.927499999999782,
  "p95_waiting_time": 36.71189999999991,
  "max_waiting_time": 47.313999999999396,
  "average_ride_time": 25.943749999999877,
  "average_total_service_time": 43.31132758620645,
  "pct_waited_over_30s": 0.12284482758620689,
  "pct_waited_over_60s": 0.0,
  "left_behind_count": 0,
  "left_behind_rate": 0.0,
  "transported_count": 464,
  "throughput_per_hour": 464.0,
  "evaluated_passenger_count": 464
}