car_id,total_distance_floors,empty_distance_floors,loaded_distance_floors,stop_count,door_open_count,average_load,average_occupancy_rate,busy_seconds,idle_seconds
C1,1046.0,486.0,560.0,271,271,0.6234820253350718,0.04156546835567145,3888.0999999999826,3646.199000000007
C2,246.0,122.0,124.0,67,67,0.13522160455803522,0.009014773637202348,927.2000000000011,6607.099000000001
C3,46.0,22.0,24.0,12,12,0.03844876446297522,0.002563250964198348,173.4,7350.899000000001
