{
  "scheduler_type": "myopic",
  "seed": 46,
  "average_waiting_time": 18.95165778688499,
  "median_waiting_time": 17.517000000000166,
  "p95_waiting_time": 37.48700000000001,
  "max_waiting_time": 60.23599999999942,
  "average_ride_time": 27.033606557376963,
  "average_total_service_time": 45.98526434426196,
  "pct_waited_over_30s": 0.1598360655737705,
  "pct_waited_over_60s": 0.0020491803278688526,
  "left_behind_count": 0,
  "left_behind_rate": 0.0,
  "transported_count": 488,
  "throughput_per_hour": 488.00000000000006,
  "evaluated_passenger_count": 488
}