car_id,total_distance_floors,empty_distance_floors,loaded_distance_floors,stop_count,door_open_count,average_load,average_occupancy_rate,busy_seconds,idle_seconds
C1,894.0,360.0,534.0,274,274,1.2331496312235963,0.08220997541490642,3570.4999999999895,340.54200000001146
C2,756.0,317.0,439.0,250,250,0.8575522118681207,0.057170147457874715,3085.5999999999917,832.7620000000134
C3,550.0,227.0,323.0,184,184,0.6656511785577923,0.044376745237186155,2263.1999999999994,1652.8150000000091
