{
  "scheduler_type": "nearest_car",
  "seed": 61,
  "average_waiting_time": 17.799687640449076,
  "median_waiting_time": 16.090000000000032,
  "p95_waiting_time": 37.90759999999996,
  "max_waiting_time": 56.42700000000082,
  "average_ride_time": 22.376404494381912,
  "average_total_service_time": 40.17609213483098,
  "pct_waited_over_30s": 0.1348314606741573,
  "pct_waited_over_60s": 0.0,
  "left_behind_count": 0,
  "left_behind_rate": 0.0,
  "transported_count": 445,
  "throughput_per_hour": 445.0,
  "evaluated_passenger_count": 445
}