car_id,total_distance_floors,empty_distance_floors,loaded_distance_floors,stop_count,door_open_count,average_load,average_occupancy_rate,busy_seconds,idle_seconds
C1,860.0,324.0,536.0,280,280,1.5412011872494356,0.10274674581662904,3529.69999999999,374.7870000000122
C2,734.0,280.0,454.0,251,251,1.1873939667342892,0.07915959778228594,3062.599999999993,856.5710000000101
C3,506.0,206.0,300.0,161,161,0.6585191663777157,0.04390127775851438,2045.7000000000025,1818.8800000000072
