{
  "scheduler_type": "myopic",
  "seed": 83,
  "average_waiting_time": 17.63495434782585,
  "median_waiting_time": 15.827999999999633,
  "p95_waiting_time": 34.827600000000324,
  "max_waiting_time": 51.54600000000005,
  "average_ride_time": 26.368478260869463,
  "average_total_service_time": 44.00343260869531,
  "pct_waited_over_30s": 0.13260869565217392,
  "pct_waited_over_60s": 0.0,
  "left_behind_count": 0,
  "left_behind_rate": 0.0,
  "transported_count": 460,
  "throughput_per_hour": 459.99999999999994,
  "evaluated_passenger_count": 460
}