{
  "scheduler_type": "predictive",
  "seed": 79,
  "average_waiting_time": 18.88282289416813,
  "median_waiting_time": 17.6729999999975,
  "p95_waiting_time": 35.623699999999744,
  "max_waiting_time": 61.34500000000048,
  "average_ride_time": 25.12008639308844,
  "average_total_service_time": 44.002909287256564,
  "pct_waited_over_30s": 0.13606911447084233,
  "pct_waited_over_60s": 0.0021598272138228943,
  "left_behind_count": 0,
  "left_behind_rate": 0.0,
  "transported_count": 463,
  "throughput_per_hour": 463.00000000000006,
  "evaluated_passenger_count": 463
}