car_id,total_distance_floors,empty_distance_floors,loaded_distance_floors,stop_count,door_open_count,average_load,average_occupancy_rate,busy_seconds,idle_seconds
C1,856.0,335.0,521.0,266,266,1.0931677334404326,0.07287784889602884,3425.699999999987,508.28000000001515
C2,836.0,332.0,504.0,249,249,1.0116753909770146,0.0674450260651343,3299.999999999992,627.1490000000113
C3,710.0,272.0,438.0,224,224,1.148805260892006,0.07658701739280041,2865.699999999995,1055.1560000000118
