car_id,total_distance_floors,empty_distance_floors,loaded_distance_floors,stop_count,door_open_count,average_load,average_occupancy_rate,busy_seconds,idle_seconds
C1,420.0,194.0,226.0,122,122,0.2739561016322067,0.018263740108813778,1621.800000000001,5932.695000000006
C2,478.0,228.0,250.0,135,135,0.24137227719964507,0.016091485146643006,1826.0,5508.728000000001
C3,540.0,267.0,273.0,131,131,0.292318095971937,0.0194878730647958,1961.1000000000001,5462.320000000003
