{
  "scheduler_type": "predictive",
  "seed": 32,
  "average_waiting_time": 14.060372448979594,
  "median_waiting_time": 12.5,
  "p95_waiting_time": 28.93974999999955,
  "max_waiting_time": 38.42699999999968,
  "average_ride_time": 16.269387755101963,
  "average_total_service_time": 30.32976020408156,
  "pct_waited_over_30s": 0.04081632653061224,
  "pct_waited_over_60s": 0.0,
  "left_behind_count": 0,
  "left_behind_rate": 0.0,
  "transported_count": 196,
  "throughput_per_hour": 98.0,
  "evaluated_passenger_count": 196
}