car_id,total_distance_floors,empty_distance_floors,loaded_distance_floors,stop_count,door_open_count,average_load,average_occupancy_rate,busy_seconds,idle_seconds
C1,402.0,195.0,207.0,102,102,0.23795461939753512,0.015863641293169008,1480.9000000000008,5923.453000000003
C2,434.0,209.0,225.0,109,109,0.23033042267817605,0.015355361511878404,1595.4000000000005,5864.318000000004
C3,536.0,259.0,277.0,128,128,0.3014820449456966,0.020098802996379773,1940.4000000000003,5159.857000000002
