{
  "scheduler_type": "predictive",
  "seed": 12,
  "average_waiting_time": 13.804128654970741,
  "median_waiting_time": 13.915999999999713,
  "p95_waiting_time": 20.6724999999999,
  "max_waiting_time": 37.615999999999076,
  "average_ride_time": 17.10877192982449,
  "average_total_service_time": 30.91290058479523,
  "pct_waited_over_30s": 0.011695906432748537,
  "pct_waited_over_60s": 0.0,
  "left_behind_count": 0,
  "left_behind_rate": 0.0,
  "transported_count": 171,
  "throughput_per_hour": 85.5,
  "evaluated_passenger_count": 171
}