car_id,total_distance_floors,empty_distance_floors,loaded_distance_floors,stop_count,door_open_count,average_load,average_occupancy_rate,busy_seconds,idle_seconds
C1,966.0,410.0,556.0,264,264,1.141139905636848,0.0760759937091232,3697.599999999988,239.95400000001155
C2,860.0,348.0,512.0,259,259,1.1399277741350726,0.07599518494233817,3402.7999999999897,484.7270000000114
C3,722.0,314.0,408.0,216,216,0.7953225467621743,0.05302150311747829,2851.799999999996,1032.5360000000078
