{
  "scheduler_type": "prescient",
  "seed": 48,
  "average_waiting_time": 19.231275268816912,
  "median_waiting_time": 17.5,
  "p95_waiting_time": 39.595799999999684,
  "max_waiting_time": 59.70700000000011,
  "average_ride_time": 23.906881720430007,
  "average_total_service_time": 43.138156989246916,
  "pct_waited_over_30s": 0.15913978494623657,
  "pct_waited_over_60s": 0.0,
  "left_behind_count": 0,
  "left_behind_rate": 0.0,
  "transported_count": 465,
  "throughput_per_hour": 465.00000000000006,
  "evaluated_passenger_count": 465
}