car_id,total_distance_floors,empty_distance_floors,loaded_distance_floors,stop_count,door_open_count,average_load,average_occupancy_rate,busy_seconds,idle_seconds
C1,896.0,382.0,514.0,271,271,1.0743609398179388,0.07162406265452925,3548.89999999999,384.4150000000085
C2,834.0,331.0,503.0,265,265,1.189198568042232,0.07927990453614879,3375.9999999999895,543.110000000012
C3,686.0,282.0,404.0,216,216,0.8140132824210309,0.05426755216140206,2756.8999999999955,1173.257000000011
