{
  "scheduler_type": "prescient",
  "seed": 66,
  "average_waiting_time": 17.33255967078165,
  "median_waiting_time": 16.117499999999268,
  "p95_waiting_time": 35.93250000000029,
  "max_waiting_time": 56.149999999999636,
  "average_ride_time": 23.63436213991759,
  "average_total_service_time": 40.96692181069924,
  "pct_waited_over_30s": 0.1111111111111111,
  "pct_waited_over_60s": 0.0,
  "left_behind_count": 0,
  "left_behind_rate": 0.0,
  "transported_count": 486,
  "throughput_per_hour": 486.00000000000006,
  "evaluated_passenger_count": 486
}