car_id,total_distance_floors,empty_distance_floors,loaded_distance_floors,stop_count,door_open_count,average_load,average_occupancy_rate,busy_seconds,idle_seconds
C1,1026.0,482.0,544.0,241,241,0.6644488744868292,0.04429659163245528,3704.699999999987,3833.728000000011
C2,230.0,104.0,126.0,70,70,0.1461040450712226,0.00974026967141484,903.1000000000009,6616.199000000003
C3,48.0,21.0,27.0,17,17,0.03677526917344871,0.0024516846115632475,199.69999999999993,6165.991
