{
  "scheduler_type": "prescient",
  "seed": 28,
  "average_waiting_time": 14.86136158192084,
  "median_waiting_time": 15.0,
  "p95_waiting_time": 27.92819999999992,
  "max_waiting_time": 37.50999999999976,
  "average_ride_time": 19.11073446327671,
  "average_total_service_time": 33.972096045197546,
  "pct_waited_over_30s": 0.03389830508474576,
  "pct_waited_over_60s": 0.0,
  "left_behind_count": 0,
  "left_behind_rate": 0.0,
  "transported_count": 177,
  "throughput_per_hour": 88.5,
  "evaluated_passenger_count": 177
}