{
  "scheduler_type": "myopic",
  "seed": 5,
  "average_waiting_time": 14.287603015075309,
  "median_waiting_time": 13.5300000000002,
  "p95_waiting_time": 29.73950000000077,
  "max_waiting_time": 38.52799999999979,
  "average_ride_time": 18.318090452261167,
  "average_total_service_time": 32.60569346733647,
  "pct_waited_over_30s": 0.04522613065326633,
  "pct_waited_over_60s": 0.0,
  "left_behind_count": 0,
  "left_behind_rate": 0.0,
  "transported_count": 199,
  "throughput_per_hour": 99.5,
  "evaluated_passenger_count": 199
}