{
  "scheduler_type": "myopic",
  "seed": 45,
  "average_waiting_time": 16.744717777777474,
  "median_waiting_time": 15.375500000000272,
  "p95_waiting_time": 34.98909999999925,
  "max_waiting_time": 44.65000000000009,
  "average_ride_time": 25.664666666666527,
  "average_total_service_time": 42.409384444444,
  "pct_waited_over_30s": 0.10888888888888888,
  "pct_waited_over_60s": 0.0,
  "left_behind_count": 0,
  "left_behind_rate": 0.0,
  "transported_count": 450,
  "throughput_per_hour": 450.0,
  "evaluated_passenger_count": 450
}