car_id,total_distance_floors,empty_distance_floors,loaded_distance_floors,stop_count,door_open_count,average_load,average_occupancy_rate,busy_seconds,idle_seconds
C1,882.0,333.0,549.0,266,266,1.2713791813705686,0.08475861209137124,3499.2999999999915,409.52600000000973
C2,804.0,315.0,489.0,246,246,1.0272213400042929,0.06848142266695285,3200.699999999991,719.9740000000143
C3,586.0,254.0,332.0,186,186,0.6105529674771483,0.04070353116514322,2359.999999999999,1550.8810000000083
