car_id,total_distance_floors,empty_distance_floors,loaded_distance_floors,stop_count,door_open_count,average_load,average_occupancy_rate,busy_seconds,idle_seconds
C1,514.0,256.0,258.0,121,121,0.2328922337681178,0.01552614891787452,1849.6000000000004,5635.407000000002
C2,476.0,233.0,243.0,126,126,0.24227935599802544,0.01615195706653503,1777.5,5652.353000000002
C3,476.0,221.0,255.0,134,134,0.2844783281472463,0.018965221876483085,1819.9000000000008,5704.399000000002
