{
  "scheduler_type": "predictive",
  "seed": 38,
  "average_waiting_time": 13.670931578947354,
  "median_waiting_time": 12.695500000000266,
  "p95_waiting_time": 25.417500000000192,
  "max_waiting_time": 34.875,
  "average_ride_time": 16.229999999999954,
  "average_total_service_time": 29.900931578947308,
  "pct_waited_over_30s": 0.021052631578947368,
  "pct_waited_over_60s": 0.0,
  "left_behind_count": 0,
  "left_behind_rate": 0.0,
  "transported_count": 190,
  "throughput_per_hour": 95.0,
  "evaluated_passenger_count": 190
}