car_id,total_distance_floors,empty_distance_floors,loaded_distance_floors,stop_count,door_open_count,average_load,average_occupancy_rate,busy_seconds,idle_seconds
C1,506.0,251.0,255.0,118,118,0.24236840701757015,0.016157893801171344,1815.3000000000002,5572.214000000003
C2,442.0,212.0,230.0,118,118,0.29022383800825285,0.019348255867216856,1658.9000000000003,5432.523
C3,420.0,204.0,216.0,110,110,0.22330724713074732,0.014887149808716488,1564.1000000000008,5905.877000000004
