{
  "scheduler_type": "predictive",
  "seed": 39,
  "average_waiting_time": 13.505437499999982,
  "median_waiting_time": 12.5,
  "p95_waiting_time": 24.413999999999646,
  "max_waiting_time": 35.3730000000005,
  "average_ride_time": 16.595454545454476,
  "average_total_service_time": 30.10089204545446,
  "pct_waited_over_30s": 0.017045454545454544,
  "pct_waited_over_60s": 0.0,
  "left_behind_count": 0,
  "left_behind_rate": 0.0,
  "transported_count": 176,
  "throughput_per_hour": 88.0,
  "evaluated_passenger_count": 176
}