{
  "scheduler_type": "predictive",
  "seed": 74,
  "average_waiting_time": 17.64490948275834,
  "median_waiting_time": 17.047000000000082,
  "p95_waiting_time": 34.308249999999454,
  "max_waiting_time": 49.3959999999999,
  "average_ride_time": 25.63254310344814,
  "average_total_service_time": 43.27745258620648,
  "pct_waited_over_30s": 0.12284482758620689,
  "pct_waited_over_60s": 0.0,
  "left_behind_count": 0,
  "left_behind_rate": 0.0,
  "transported_count": 464,
  "throughput_per_hour": 464.0,
  "evaluated_passenger_count": 464
}