car_id,total_distance_floors,empty_distance_floors,loaded_distance_floors,stop_count,door_open_count,average_load,average_occupancy_rate,busy_seconds,idle_seconds
C1,1008.0,457.0,551.0,265,265,0.6993300535621341,0.04662200357080894,3778.7999999999856,3725.3820000000105
C2,158.0,66.0,92.0,54,54,0.17419795664826046,0.011613197109884031,651.3000000000003,6868.306000000004
C3,2.0,1.0,1.0,2,2,0.0019231518387550599,0.00012821012258367067,14.299999999999999,4041.542
