{
  "scheduler_type": "myopic",
  "seed": 50,
  "average_waiting_time": 14.743308108108023,
  "median_waiting_time": 13.885999999999513,
  "p95_waiting_time": 28.432399999999962,
  "max_waiting_time": 38.9119999999989,
  "average_ride_time": 19.2670270270269,
  "average_total_service_time": 34.01033513513492,
  "pct_waited_over_30s": 0.043243243243243246,
  "pct_waited_over_60s": 0.0,
  "left_behind_count": 0,
  "left_behind_rate": 0.0,
  "transported_count": 185,
  "throughput_per_hour": 92.5,
  "evaluated_passenger_count": 185
}