car_id,total_distance_floors,empty_distance_floors,loaded_distance_floors,stop_count,door_open_count,average_load,average_occupancy_rate,busy_seconds,idle_seconds
C1,920.0,415.0,505.0,263,263,0.9434928814522132,0.06289952543014755,3564.5999999999863,378.62000000001103
C2,832.0,348.0,484.0,239,239,1.0524257909273933,0.07016171939515956,3239.299999999991,709.5770000000124
C3,670.0,290.0,380.0,200,200,0.8012140549409082,0.05341427032939388,2640.599999999996,1217.5450000000126
