{
  "scheduler_type": "prescient",
  "seed": 77,
  "average_waiting_time": 18.098264775413355,
  "median_waiting_time": 17.5,
  "p95_waiting_time": 36.436199999999886,
  "max_waiting_time": 58.57600000000002,
  "average_ride_time": 23.794799054373378,
  "average_total_service_time": 41.89306382978673,
  "pct_waited_over_30s": 0.1182033096926714,
  "pct_waited_over_60s": 0.0,
  "left_behind_count": 0,
  "left_behind_rate": 0.0,
  "transported_count": 423,
  "throughput_per_hour": 423.0,
  "evaluated_passenger_count": 423
}