car_id,total_distance_floors,empty_distance_floors,loaded_distance_floors,stop_count,door_open_count,average_load,average_occupancy_rate,busy_seconds,idle_seconds
C1,890.0,361.0,529.0,285,285,1.389741597591947,0.09264943983946312,3610.39999999999,310.11300000000654
C2,816.0,344.0,472.0,258,258,0.9586283167816716,0.06390855445211144,3286.5999999999904,641.3040000000124
C3,502.0,210.0,292.0,179,179,0.6447896560058399,0.042985977067055994,2120.3000000000025,1797.87700000001
