{
  "scheduler_type": "nearest_car",
  "seed": 68,
  "average_waiting_time": 18.64627038626579,
  "median_waiting_time": 17.5,
  "p95_waiting_time": 38.816000000000315,
  "max_waiting_time": 57.40899999999874,
  "average_ride_time": 23.64313304721018,
  "average_total_service_time": 42.289403433475975,
  "pct_waited_over_30s": 0.15021459227467812,
  "pct_waited_over_60s": 0.0,
  "left_behind_count": 0,
  "left_behind_rate": 0.0,
  "transported_count": 466,
  "throughput_per_hour": 466.0,
  "evaluated_passenger_count": 466
}