car_id,total_distance_floors,empty_distance_floors,loaded_distance_floors,stop_count,door_open_count,average_load,average_occupancy_rate,busy_seconds,idle_seconds
C1,954.0,400.0,554.0,276,276,1.2497381497401003,0.08331587664934002,3733.29999999999,214.56700000001047
C2,770.0,317.0,453.0,257,257,1.041650428545835,0.06944336190305567,3163.1999999999925,749.917000000012
C3,484.0,210.0,274.0,153,153,0.5531838602307824,0.03687892401538549,1940.700000000002,1907.9300000000064
