{
  "scheduler_type": "nearest_car",
  "seed": 86,
  "average_waiting_time": 18.4025136363634,
  "median_waiting_time": 17.5,
  "p95_waiting_time": 36.54579999999917,
  "max_waiting_time": 70.070999999999,
  "average_ride_time": 23.667499999999894,
  "average_total_service_time": 42.0700136363633,
  "pct_waited_over_30s": 0.1409090909090909,
  "pct_waited_over_60s": 0.004545454545454545,
  "left_behind_count": 0,
  "left_behind_rate": 0.0,
  "transported_count": 440,
  "throughput_per_hour": 440.0,
  "evaluated_passenger_count": 440
}