car_id,total_distance_floors,empty_distance_floors,loaded_distance_floors,stop_count,door_open_count,average_load,average_occupancy_rate,busy_seconds,idle_seconds
C1,868.0,317.0,551.0,289,289,1.3554931932566197,0.09036621288377464,3588.099999999988,339.8430000000148
C2,786.0,281.0,505.0,242,242,1.3104117635864194,0.08736078423909463,3157.0999999999935,783.87500000001
C3,486.0,211.0,275.0,160,160,0.6816084936196212,0.04544056624130808,1993.3000000000031,1755.7730000000074
