car_id,total_distance_floors,empty_distance_floors,loaded_distance_floors,stop_count,door_open_count,average_load,average_occupancy_rate,busy_seconds,idle_seconds
C1,754.0,294.0,460.0,242,242,1.1003255123300286,0.07335503415533524,3068.299999999994,874.7150000000128
C2,686.0,304.0,382.0,219,219,0.8718934522397105,0.058126230149314034,2768.499999999993,1180.3770000000147
C3,748.0,319.0,429.0,212,212,0.9647405882714443,0.06431603921809628,2901.699999999994,938.2960000000112
