car_id,total_distance_floors,empty_distance_floors,loaded_distance_floors,stop_count,door_open_count,average_load,average_occupancy_rate,busy_seconds,idle_seconds
C1,898.0,361.0,537.0,287,287,1.3153753945209554,0.0876916929680637,3647.3999999999864,280.14800000001384
C2,812.0,370.0,442.0,251,251,0.9820367349000948,0.06546911566000632,3240.499999999992,678.4980000000053
C3,644.0,274.0,370.0,207,207,0.8077966767006988,0.053853111780046585,2608.6999999999975,1227.909000000011
