{
  "scheduler_type": "nearest_car",
  "seed": 55,
  "average_waiting_time": 19.504313645620602,
  "median_waiting_time": 17.774999999995543,
  "p95_waiting_time": 39.88449999999932,
  "max_waiting_time": 76.49899999999798,
  "average_ride_time": 23.17556008146629,
  "average_total_service_time": 42.67987372708689,
  "pct_waited_over_30s": 0.1710794297352342,
  "pct_waited_over_60s": 0.004073319755600814,
  "left_behind_count": 0,
  "left_behind_rate": 0.0,
  "transported_count": 491,
  "throughput_per_hour": 491.0,
  "evaluated_passenger_count": 491
}