car_id,total_distance_floors,empty_distance_floors,loaded_distance_floors,stop_count,door_open_count,average_load,average_occupancy_rate,busy_seconds,idle_seconds
C1,912.0,424.0,488.0,248,248,0.5697388695743967,0.037982591304959776,3452.6999999999866,4096.899000000011
C2,286.0,133.0,153.0,83,83,0.18044117894780384,0.01202941192985359,1105.5000000000011,6433.799000000005
C3,50.0,25.0,25.0,15,15,0.04726882731883051,0.0031512551545887007,194.39999999999992,6154.393000000002
