{
  "scheduler_type": "prescient",
  "seed": 26,
  "average_waiting_time": 13.905668539325791,
  "median_waiting_time": 12.5,
  "p95_waiting_time": 27.334849999999896,
  "max_waiting_time": 52.30400000000009,
  "average_ride_time": 17.133707865168372,
  "average_total_service_time": 31.039376404494167,
  "pct_waited_over_30s": 0.033707865168539325,
  "pct_waited_over_60s": 0.0,
  "left_behind_count": 0,
  "left_behind_rate": 0.0,
  "transported_count": 178,
  "throughput_per_hour": 89.0,
  "evaluated_passenger_count": 178
}