car_id,total_distance_floors,empty_distance_floors,loaded_distance_floors,stop_count,door_open_count,average_load,average_occupancy_rate,busy_seconds,idle_seconds
C1,482.0,237.0,245.0,115,115,0.2656788031641319,0.017711920210942127,1740.7000000000003,5705.133000000001
C2,374.0,179.0,195.0,94,94,0.20102585929049668,0.01340172395269978,1376.000000000001,6067.321000000002
C3,444.0,212.0,232.0,128,128,0.29654184635324415,0.01976945642354961,1710.3000000000006,5705.854000000004
