{
  "scheduler_type": "predictive",
  "seed": 15,
  "average_waiting_time": 13.529219101123575,
  "median_waiting_time": 12.5,
  "p95_waiting_time": 24.668050000000022,
  "max_waiting_time": 38.35999999999967,
  "average_ride_time": 16.84606741573029,
  "average_total_service_time": 30.375286516853862,
  "pct_waited_over_30s": 0.02247191011235955,
  "pct_waited_over_60s": 0.0,
  "left_behind_count": 0,
  "left_behind_rate": 0.0,
  "transported_count": 178,
  "throughput_per_hour": 89.0,
  "evaluated_passenger_count": 178
}