car_id,total_distance_floors,empty_distance_floors,loaded_distance_floors,stop_count,door_open_count,average_load,average_occupancy_rate,busy_seconds,idle_seconds
C1,1140.0,529.0,611.0,303,303,0.6873403111738222,0.045822687411588146,4281.699999999981,3116.673000000012
C2,338.0,155.0,183.0,99,99,0.22777023378186967,0.015184682252124644,1309.900000000001,5952.682000000002
C3,20.0,10.0,10.0,8,8,0.009613091782554364,0.0006408727855036243,87.2,4718.745999999999
