{
  "scheduler_type": "prescient",
  "seed": 2,
  "average_waiting_time": 14.686686363636316,
  "median_waiting_time": 14.098500000000058,
  "p95_waiting_time": 29.87130000000036,
  "max_waiting_time": 43.974999999999,
  "average_ride_time": 17.921818181818068,
  "average_total_service_time": 32.60850454545439,
  "pct_waited_over_30s": 0.045454545454545456,
  "pct_waited_over_60s": 0.0,
  "left_behind_count": 0,
  "left_behind_rate": 0.0,
  "transported_count": 220,
  "throughput_per_hour": 110.0,
  "evaluated_passenger_count": 220
}