car_id,total_distance_floors,empty_distance_floors,loaded_distance_floors,stop_count,door_open_count,average_load,average_occupancy_rate,busy_seconds,idle_seconds
C1,940.0,383.0,557.0,284,284,1.2563830241971274,0.0837588682798085,3734.299999999989,219.35100000001103
C2,830.0,313.0,517.0,254,254,1.1469592125264625,0.07646394750176416,3304.199999999993,608.6680000000079
C3,668.0,306.0,362.0,199,199,0.6739655289329474,0.04493103526219649,2622.6999999999957,1285.2150000000074
