{
  "scheduler_type": "nearest_car",
  "seed": 48,
  "average_waiting_time": 19.57153333333307,
  "median_waiting_time": 17.79000000000042,
  "p95_waiting_time": 38.76979999999866,
  "max_waiting_time": 59.82400000000098,
  "average_ride_time": 23.72666666666658,
  "average_total_service_time": 43.298199999999646,
  "pct_waited_over_30s": 0.18494623655913978,
  "pct_waited_over_60s": 0.0,
  "left_behind_count": 0,
  "left_behind_rate": 0.0,
  "transported_count": 465,
  "throughput_per_hour": 465.00000000000006,
  "evaluated_passenger_count": 465
}