car_id,total_distance_floors,empty_distance_floors,loaded_distance_floors,stop_count,door_open_count,average_load,average_occupancy_rate,busy_seconds,idle_seconds
C1,916.0,391.0,525.0,258,258,1.0308405354257484,0.06872270236171656,3544.7999999999893,387.6220000000127
C2,850.0,349.0,501.0,235,235,1.0508383066404112,0.07005588710936075,3265.5999999999917,668.4020000000112
C3,734.0,321.0,413.0,200,200,0.7306926353499357,0.04871284235666238,2798.6999999999953,1066.26300000001
