{
  "scheduler_type": "predictive",
  "seed": 89,
  "average_waiting_time": 18.272193333333128,
  "median_waiting_time": 17.47800000000018,
  "p95_waiting_time": 36.10004999999894,
  "max_waiting_time": 58.90800000000047,
  "average_ride_time": 25.1322222222221,
  "average_total_service_time": 43.404415555555225,
  "pct_waited_over_30s": 0.13555555555555557,
  "pct_waited_over_60s": 0.0,
  "left_behind_count": 0,
  "left_behind_rate": 0.0,
  "transported_count": 450,
  "throughput_per_hour": 450.0,
  "evaluated_passenger_count": 450
}