car_id,total_distance_floors,empty_distance_floors,loaded_distance_floors,stop_count,door_open_count,average_load,average_occupancy_rate,busy_seconds,idle_seconds
C1,878.0,324.0,554.0,284,284,1.7238615132025537,0.11492410088017024,3607.199999999988,303.6710000000137
C2,772.0,314.0,458.0,239,239,1.1022000219920725,0.07348000146613816,3099.09999999999,829.5880000000132
C3,482.0,197.0,285.0,166,166,0.6880940518415888,0.04587293678943925,2000.9000000000035,1840.726000000005
