{
  "scheduler_type": "myopic",
  "seed": 58,
  "average_waiting_time": 17.21837284482717,
  "median_waiting_time": 16.136500000000296,
  "p95_waiting_time": 35.27439999999853,
  "max_waiting_time": 71.4169999999981,
  "average_ride_time": 27.46336206896536,
  "average_total_service_time": 44.68173491379253,
  "pct_waited_over_30s": 0.125,
  "pct_waited_over_60s": 0.0021551724137931034,
  "left_behind_count": 0,
  "left_behind_rate": 0.0,
  "transported_count": 464,
  "throughput_per_hour": 464.0,
  "evaluated_passenger_count": 464
}