car_id,total_distance_floors,empty_distance_floors,loaded_distance_floors,stop_count,door_open_count,average_load,average_occupancy_rate,busy_seconds,idle_seconds
C1,834.0,340.0,494.0,264,264,1.165205617478998,0.07768037449859987,3378.399999999989,547.7740000000142
C2,742.0,288.0,454.0,220,220,0.9497283007596323,0.06331522005064215,2926.8999999999924,990.1150000000132
C3,680.0,267.0,413.0,206,206,1.0618927728523249,0.07079285152348833,2702.399999999996,1168.9890000000107
