{
  "scheduler_type": "predictive",
  "seed": 60,
  "average_waiting_time": 17.818317777777533,
  "median_waiting_time": 17.042499999999677,
  "p95_waiting_time": 35.1275999999992,
  "max_waiting_time": 49.49000000000001,
  "average_ride_time": 25.200444444444283,
  "average_total_service_time": 43.01876222222182,
  "pct_waited_over_30s": 0.12444444444444444,
  "pct_waited_over_60s": 0.0,
  "left_behind_count": 0,
  "left_behind_rate": 0.0,
  "transported_count": 450,
  "throughput_per_hour": 450.0,
  "evaluated_passenger_count": 450
}