car_id,total_distance_floors,empty_distance_floors,loaded_distance_floors,stop_count,door_open_count,average_load,average_occupancy_rate,busy_seconds,idle_seconds
C1,858.0,306.0,552.0,285,285,1.6542034433562698,0.11028022955708465,3560.3999999999887,352.17800000001387
C2,772.0,306.0,466.0,236,236,0.9649640443984606,0.06433093629323071,3074.2999999999915,840.2500000000122
C3,588.0,250.0,338.0,187,187,0.7272456082545361,0.048483040550302406,2370.0999999999995,1478.2560000000071
