{
  "scheduler_type": "myopic",
  "seed": 78,
  "average_waiting_time": 17.30313742071863,
  "median_waiting_time": 15.798000000000911,
  "p95_waiting_time": 35.524199999999375,
  "max_waiting_time": 57.55299999999852,
  "average_ride_time": 25.91310782241004,
  "average_total_service_time": 43.21624524312867,
  "pct_waited_over_30s": 0.12050739957716702,
  "pct_waited_over_60s": 0.0,
  "left_behind_count": 0,
  "left_behind_rate": 0.0,
  "transported_count": 473,
  "throughput_per_hour": 473.0,
  "evaluated_passenger_count": 473
}