car_id,total_distance_floors,empty_distance_floors,loaded_distance_floors,stop_count,door_open_count,average_load,average_occupancy_rate,busy_seconds,idle_seconds
C1,876.0,326.0,550.0,275,275,1.2883939188584412,0.08589292792389608,3534.0999999999885,376.35000000001196
C2,824.0,338.0,486.0,251,251,0.9118879706719025,0.06079253137812683,3270.1999999999907,651.7730000000113
C3,660.0,283.0,377.0,198,198,0.7470072150656226,0.04980048100437484,2602.3999999999955,1350.4400000000091
