car_id,total_distance_floors,empty_distance_floors,loaded_distance_floors,stop_count,door_open_count,average_load,average_occupancy_rate,busy_seconds,idle_seconds
C1,984.0,459.0,525.0,247,247,0.6206503790445156,0.04137669193630104,3626.399999999986,3816.92100000001
C2,196.0,81.0,115.0,64,64,0.1411110433391862,0.00940740288927908,791.8000000000009,6618.676000000005
C3,46.0,23.0,23.0,12,12,0.02843201022639105,0.00189546734842607,170.79999999999998,7275.033
