{
  "scheduler_type": "prescient",
  "seed": 15,
  "average_waiting_time": 14.426359550561726,
  "median_waiting_time": 15.0,
  "p95_waiting_time": 26.350299999999912,
  "max_waiting_time": 37.97899999999936,
  "average_ride_time": 18.10786516853919,
  "average_total_service_time": 32.53422471910091,
  "pct_waited_over_30s": 0.02247191011235955,
  "pct_waited_over_60s": 0.0,
  "left_behind_count": 0,
  "left_behind_rate": 0.0,
  "transported_count": 178,
  "throughput_per_hour": 89.0,
  "evaluated_passenger_count": 178
}