car_id,total_distance_floors,empty_distance_floors,loaded_distance_floors,stop_count,door_open_count,average_load,average_occupancy_rate,busy_seconds,idle_seconds
C1,930.0,356.0,574.0,275,275,1.3570369046509876,0.09046912697673251,3666.6999999999903,272.3970000000099
C2,824.0,336.0,488.0,259,259,1.0202032505604683,0.06801355003736456,3310.199999999992,638.7190000000103
C3,688.0,306.0,382.0,202,202,0.7667585660003632,0.051117237733357544,2693.799999999997,1197.7770000000096
