car_id,total_distance_floors,empty_distance_floors,loaded_distance_floors,stop_count,door_open_count,average_load,average_occupancy_rate,busy_seconds,idle_seconds
C1,1196.0,558.0,638.0,310,310,0.7668396530557203,0.05112264353704802,4462.299999999984,3003.798000000013
C2,268.0,129.0,139.0,86,86,0.1506514262311498,0.010043428415409986,1074.1000000000015,6026.397000000002
C3,6.0,3.0,3.0,6,6,0.013384209672224135,0.0008922806448149423,42.9,4036.5340000000006
