{
  "scheduler_type": "myopic",
  "seed": 41,
  "average_waiting_time": 15.084108597285013,
  "median_waiting_time": 15.0,
  "p95_waiting_time": 29.621000000000095,
  "max_waiting_time": 41.27299999999991,
  "average_ride_time": 18.413574660633355,
  "average_total_service_time": 33.49768325791836,
  "pct_waited_over_30s": 0.049773755656108594,
  "pct_waited_over_60s": 0.0,
  "left_behind_count": 0,
  "left_behind_rate": 0.0,
  "transported_count": 221,
  "throughput_per_hour": 110.5,
  "evaluated_passenger_count": 221
}