car_id,total_distance_floors,empty_distance_floors,loaded_distance_floors,stop_count,door_open_count,average_load,average_occupancy_rate,busy_seconds,idle_seconds
C1,888.0,336.0,552.0,282,282,1.5279107928238946,0.10186071952159298,3605.0999999999876,329.2920000000131
C2,794.0,301.0,493.0,233,233,1.0918186966500267,0.07278791311000178,3126.7999999999934,798.5770000000105
C3,416.0,174.0,242.0,152,152,0.47970546236978473,0.03198036415798565,1766.1000000000017,2171.733000000007
