{
  "scheduler_type": "myopic",
  "seed": 67,
  "average_waiting_time": 17.948611241217417,
  "median_waiting_time": 17.5,
  "p95_waiting_time": 35.70259999999775,
  "max_waiting_time": 50.63999999999851,
  "average_ride_time": 25.79999999999986,
  "average_total_service_time": 43.74861124121728,
  "pct_waited_over_30s": 0.11943793911007025,
  "pct_waited_over_60s": 0.0,
  "left_behind_count": 0,
  "left_behind_rate": 0.0,
  "transported_count": 427,
  "throughput_per_hour": 427.0,
  "evaluated_passenger_count": 427
}