car_id,total_distance_floors,empty_distance_floors,loaded_distance_floors,stop_count,door_open_count,average_load,average_occupancy_rate,busy_seconds,idle_seconds
C1,1072.0,496.0,576.0,279,279,0.7331428031034076,0.04887618687356051,4004.199999999982,3514.1170000000125
C2,240.0,109.0,131.0,59,59,0.1754021696583643,0.011693477977224287,878.9000000000008,6672.888000000003
C3,10.0,5.0,5.0,4,4,0.005150181008235099,0.00034334540054900656,43.6,7470.699
