{
  "scheduler_type": "myopic",
  "seed": 9,
  "average_waiting_time": 16.26562105263148,
  "median_waiting_time": 15.0,
  "p95_waiting_time": 31.54999999999993,
  "max_waiting_time": 41.580999999999676,
  "average_ride_time": 19.088947368420918,
  "average_total_service_time": 35.35456842105239,
  "pct_waited_over_30s": 0.08421052631578947,
  "pct_waited_over_60s": 0.0,
  "left_behind_count": 0,
  "left_behind_rate": 0.0,
  "transported_count": 190,
  "throughput_per_hour": 95.0,
  "evaluated_passenger_count": 190
}