car_id,total_distance_floors,empty_distance_floors,loaded_distance_floors,stop_count,door_open_count,average_load,average_occupancy_rate,busy_seconds,idle_seconds
C1,912.0,375.0,537.0,253,253,0.9537478469507676,0.06358318979671784,3490.599999999988,450.90300000001514
C2,876.0,378.0,498.0,245,245,0.8775023623299335,0.05850015748866223,3366.0999999999904,557.9920000000119
C3,758.0,323.0,435.0,230,230,0.8310202445359267,0.055401349635728445,3001.2999999999934,900.0490000000116
