car_id,total_distance_floors,empty_distance_floors,loaded_distance_floors,stop_count,door_open_count,average_load,average_occupancy_rate,busy_seconds,idle_seconds
C1,962.0,449.0,513.0,258,258,0.5496053499000404,0.03664035666000269,3616.6999999999853,3932.8990000000113
C2,342.0,165.0,177.0,78,78,0.21495821358837588,0.014330547572558392,1222.900000000001,5684.489000000003
C3,26.0,7.0,19.0,10,10,0.0934075617902326,0.006227170786015507,112.8,3558.2090000000003
