{
  "scheduler_type": "prescient",
  "seed": 23,
  "average_waiting_time": 15.062039106145173,
  "median_waiting_time": 15.0,
  "p95_waiting_time": 27.877599999999568,
  "max_waiting_time": 39.360999999999876,
  "average_ride_time": 17.74916201117305,
  "average_total_service_time": 32.81120111731822,
  "pct_waited_over_30s": 0.03910614525139665,
  "pct_waited_over_60s": 0.0,
  "left_behind_count": 0,
  "left_behind_rate": 0.0,
  "transported_count": 179,
  "throughput_per_hour": 89.5,
  "evaluated_passenger_count": 179
}