car_id,total_distance_floors,empty_distance_floors,loaded_distance_floors,stop_count,door_open_count,average_load,average_occupancy_rate,busy_seconds,idle_seconds
C1,862.0,333.0,529.0,282,282,1.2630766180462414,0.08420510786974943,3522.0999999999854,391.75600000001646
C2,760.0,290.0,470.0,263,263,1.2072655309746552,0.08048436873164368,3178.799999999992,750.4930000000096
C3,584.0,251.0,333.0,191,191,0.6915357067107326,0.04610238044738217,2372.4999999999995,1559.6180000000097
