{
  "scheduler_type": "nearest_car",
  "seed": 44,
  "average_waiting_time": 17.288501075268474,
  "median_waiting_time": 16.130999999999858,
  "p95_waiting_time": 36.814599999999736,
  "max_waiting_time": 60.20499999999993,
  "average_ride_time": 24.64086021505362,
  "average_total_service_time": 41.92936129032209,
  "pct_waited_over_30s": 0.10967741935483871,
  "pct_waited_over_60s": 0.002150537634408602,
  "left_behind_count": 0,
  "left_behind_rate": 0.0,
  "transported_count": 465,
  "throughput_per_hour": 465.00000000000006,
  "evaluated_passenger_count": 465
}