{
  "scheduler_type": "predictive",
  "seed": 81,
  "average_waiting_time": 18.283103157894306,
  "median_waiting_time": 16.903999999999996,
  "p95_waiting_time": 37.219599999999446,
  "max_waiting_time": 54.55400000000009,
  "average_ride_time": 25.341263157894634,
  "average_total_service_time": 43.62436631578894,
  "pct_waited_over_30s": 0.13473684210526315,
  "pct_waited_over_60s": 0.0,
  "left_behind_count": 0,
  "left_behind_rate": 0.0,
  "transported_count": 475,
  "throughput_per_hour": 475.0,
  "evaluated_passenger_count": 475
}