car_id,total_distance_floors,empty_distance_floors,loaded_distance_floors,stop_count,door_open_count,average_load,average_occupancy_rate,busy_seconds,idle_seconds
C1,942.0,377.0,565.0,279,279,1.265645921574857,0.08437639477165713,3709.4999999999864,205.41800000001166
C2,774.0,327.0,447.0,260,260,0.9382595581237846,0.06255063720825231,3187.1999999999944,748.0650000000082
C3,608.0,263.0,345.0,179,179,0.6774112013008079,0.045160746753387195,2379.6999999999985,1548.9330000000068
