car_id,total_distance_floors,empty_distance_floors,loaded_distance_floors,stop_count,door_open_count,average_load,average_occupancy_rate,busy_seconds,idle_seconds
C1,880.0,348.0,532.0,278,278,1.302182866682768,0.08681219111218454,3560.7999999999906,363.76400000001075
C2,844.0,356.0,488.0,248,248,0.9950405050113411,0.06633603366742274,3301.7999999999897,613.5180000000133
C3,654.0,275.0,379.0,190,190,0.6570046729246557,0.04380031152831038,2541.6999999999966,1372.1230000000094
