car_id,total_distance_floors,empty_distance_floors,loaded_distance_floors,stop_count,door_open_count,average_load,average_occupancy_rate,busy_seconds,idle_seconds
C1,912.0,368.0,544.0,288,288,1.233345162270584,0.08222301081803893,3680.2999999999884,242.28400000001128
C2,810.0,331.0,479.0,251,251,1.022387302713154,0.06815915351421027,3235.999999999993,677.7810000000118
C3,572.0,249.0,323.0,178,178,0.6753767613055394,0.04502511742036929,2289.3999999999996,1596.2830000000108
