{
  "scheduler_type": "myopic",
  "seed": 7,
  "average_waiting_time": 15.308362694300396,
  "median_waiting_time": 15.0,
  "p95_waiting_time": 26.405999999999402,
  "max_waiting_time": 39.47599999999875,
  "average_ride_time": 19.300518134714906,
  "average_total_service_time": 34.608880829015305,
  "pct_waited_over_30s": 0.04145077720207254,
  "pct_waited_over_60s": 0.0,
  "left_behind_count": 0,
  "left_behind_rate": 0.0,
  "transported_count": 193,
  "throughput_per_hour": 96.5,
  "evaluated_passenger_count": 193
}