car_id,total_distance_floors,empty_distance_floors,loaded_distance_floors,stop_count,door_open_count,average_load,average_occupancy_rate,busy_seconds,idle_seconds
C1,916.0,403.0,513.0,245,245,0.9417669208180425,0.0627844613878695,3471.29999999999,464.28100000001245
C2,834.0,313.0,521.0,260,260,1.1399229438425138,0.07599486292283425,3347.99999999999,540.3330000000129
C3,772.0,310.0,462.0,235,235,1.0710303340222573,0.07140202226815048,3067.899999999993,874.4720000000095
