car_id,total_distance_floors,empty_distance_floors,loaded_distance_floors,stop_count,door_open_count,average_load,average_occupancy_rate,busy_seconds,idle_seconds
C1,1038.0,507.0,531.0,253,253,0.5901065712270993,0.03934043808180662,3779.3999999999837,3736.700000000008
C2,332.0,156.0,176.0,89,89,0.1893004271352562,0.012620028475683746,1249.700000000001,6130.632000000005
C3,34.0,17.0,17.0,10,10,0.013625007267475803,0.0009083338178317202,131.5,6077.671
