{
  "scheduler_type": "prescient",
  "seed": 31,
  "average_waiting_time": 15.0887647058823,
  "median_waiting_time": 15.0,
  "p95_waiting_time": 29.753699999999974,
  "max_waiting_time": 41.70100000000093,
  "average_ride_time": 17.514973262031976,
  "average_total_service_time": 32.60373796791428,
  "pct_waited_over_30s": 0.0481283422459893,
  "pct_waited_over_60s": 0.0,
  "left_behind_count": 0,
  "left_behind_rate": 0.0,
  "transported_count": 187,
  "throughput_per_hour": 93.5,
  "evaluated_passenger_count": 187
}