car_id,total_distance_floors,empty_distance_floors,loaded_distance_floors,stop_count,door_open_count,average_load,average_occupancy_rate,busy_seconds,idle_seconds
C1,990.0,463.0,527.0,259,259,0.6962349198697739,0.046415661324651594,3702.999999999986,3740.321000000012
C2,128.0,55.0,73.0,46,46,0.10646702991343727,0.007097801994229152,537.7999999999998,6913.333000000003
C3,16.0,8.0,8.0,8,8,0.011786656129701766,0.0007857770753134511,77.2,7337.964999999999
