car_id,total_distance_floors,empty_distance_floors,loaded_distance_floors,stop_count,door_open_count,average_load,average_occupancy_rate,busy_seconds,idle_seconds
C1,932.0,390.0,542.0,273,273,1.145389895232686,0.07635932634884574,3649.699999999989,286.16500000001133
C2,712.0,293.0,419.0,230,230,0.8751383826472939,0.05834255884315293,2890.499999999994,1019.8530000000112
C3,554.0,216.0,338.0,188,188,0.7749990326283683,0.051666602175224556,2292.1,1429.324000000007
