car_id,total_distance_floors,empty_distance_floors,loaded_distance_floors,stop_count,door_open_count,average_load,average_occupancy_rate,busy_seconds,idle_seconds
C1,918.0,387.0,531.0,256,256,1.1047500993604968,0.07365000662403312,3538.1999999999894,356.7080000000129
C2,798.0,329.0,469.0,236,236,0.9783449825421102,0.06522299883614067,3133.699999999991,790.8870000000136
C3,742.0,297.0,445.0,225,225,1.1607304850185132,0.07738203233456754,2948.799999999995,953.4840000000104
