car_id,total_distance_floors,empty_distance_floors,loaded_distance_floors,stop_count,door_open_count,average_load,average_occupancy_rate,busy_seconds,idle_seconds
C1,1028.0,478.0,550.0,275,275,0.5939198323774888,0.03959465549183259,3863.599999999982,3665.6990000000123
C2,390.0,183.0,207.0,99,99,0.21729762414884096,0.014486508276589398,1438.6000000000008,5980.257000000002
C3,46.0,21.0,25.0,16,16,0.04721687634179094,0.003147791756119396,190.69999999999996,4468.651000000001
