{
  "scheduler_type": "prescient",
  "seed": 11,
  "average_waiting_time": 13.710048309178667,
  "median_waiting_time": 14.216999999999643,
  "p95_waiting_time": 24.742799999999075,
  "max_waiting_time": 36.29099999999926,
  "average_ride_time": 17.534299516908092,
  "average_total_service_time": 31.24434782608676,
  "pct_waited_over_30s": 0.01932367149758454,
  "pct_waited_over_60s": 0.0,
  "left_behind_count": 0,
  "left_behind_rate": 0.0,
  "transported_count": 207,
  "throughput_per_hour": 103.5,
  "evaluated_passenger_count": 207
}