{
  "scheduler_type": "predictive",
  "seed": 66,
  "average_waiting_time": 17.05490329218081,
  "median_waiting_time": 15.596999999999753,
  "p95_waiting_time": 33.30874999999986,
  "max_waiting_time": 58.719999999999345,
  "average_ride_time": 27.03847736625502,
  "average_total_service_time": 44.09338065843583,
  "pct_waited_over_30s": 0.10905349794238683,
  "pct_waited_over_60s": 0.0,
  "left_behind_count": 0,
  "left_behind_rate": 0.0,
  "transported_count": 486,
  "throughput_per_hour": 486.00000000000006,
  "evaluated_passenger_count": 486
}