car_id,total_distance_floors,empty_distance_floors,loaded_distance_floors,stop_count,door_open_count,average_load,average_occupancy_rate,busy_seconds,idle_seconds
C1,932.0,400.0,532.0,264,264,1.041467068919826,0.0694311379279884,3610.0999999999885,314.46000000001277
C2,868.0,361.0,507.0,254,254,1.0365028603852349,0.06910019069234899,3392.3999999999915,534.1690000000101
C3,744.0,291.0,453.0,230,230,1.0018280936432558,0.06678853957621705,2985.1999999999944,919.9610000000098
