{
  "scheduler_type": "prescient",
  "seed": 74,
  "average_waiting_time": 18.691562499999733,
  "median_waiting_time": 17.187500000000085,
  "p95_waiting_time": 38.52969999999963,
  "max_waiting_time": 69.27399999999943,
  "average_ride_time": 23.418749999999903,
  "average_total_service_time": 42.11031249999964,
  "pct_waited_over_30s": 0.14870689655172414,
  "pct_waited_over_60s": 0.004310344827586207,
  "left_behind_count": 0,
  "left_behind_rate": 0.0,
  "transported_count": 464,
  "throughput_per_hour": 464.0,
  "evaluated_passenger_count": 464
}