{
  "scheduler_type": "predictive",
  "seed": 86,
  "average_waiting_time": 17.92638636363617,
  "median_waiting_time": 15.709999999999866,
  "p95_waiting_time": 37.748700000000056,
  "max_waiting_time": 55.69699999999784,
  "average_ride_time": 24.844090909090806,
  "average_total_service_time": 42.77047727272698,
  "pct_waited_over_30s": 0.1340909090909091,
  "pct_waited_over_60s": 0.0,
  "left_behind_count": 0,
  "left_behind_rate": 0.0,
  "transported_count": 440,
  "throughput_per_hour": 440.0,
  "evaluated_passenger_count": 440
}