car_id,total_distance_floors,empty_distance_floors,loaded_distance_floors,stop_count,door_open_count,average_load,average_occupancy_rate,busy_seconds,idle_seconds
C1,542.0,268.0,274.0,136,136,0.27397854524260973,0.018265236349507316,1992.600000000001,5476.2330000000065
C2,518.0,249.0,269.0,119,119,0.2917646274619807,0.019450975164132044,1852.2000000000007,5348.810000000003
C3,568.0,275.0,293.0,134,134,0.2858804550084193,0.019058697000561287,2046.0000000000002,5419.708000000005
