{
  "scheduler_type": "predictive",
  "seed": 18,
  "average_waiting_time": 14.660427860696489,
  "median_waiting_time": 15.0,
  "p95_waiting_time": 25.094999999999345,
  "max_waiting_time": 32.971000000000004,
  "average_ride_time": 17.23432835820885,
  "average_total_service_time": 31.894756218905336,
  "pct_waited_over_30s": 0.014925373134328358,
  "pct_waited_over_60s": 0.0,
  "left_behind_count": 0,
  "left_behind_rate": 0.0,
  "transported_count": 201,
  "throughput_per_hour": 100.5,
  "evaluated_passenger_count": 201
}