car_id,total_distance_floors,empty_distance_floors,loaded_distance_floors,stop_count,door_open_count,average_load,average_occupancy_rate,busy_seconds,idle_seconds
C1,896.0,359.0,537.0,269,269,1.3206757549199049,0.08804505032799366,3553.49999999999,377.2150000000111
C2,696.0,282.0,414.0,254,254,0.8951801755639108,0.05967867837092739,2959.4999999999914,963.1740000000142
C3,558.0,227.0,331.0,184,184,0.76480137184484,0.050986758122989334,2282.8000000000006,1477.3920000000076
