{
  "scheduler_type": "nearest_car",
  "seed": 65,
  "average_waiting_time": 17.988547511311793,
  "median_waiting_time": 16.591499999999087,
  "p95_waiting_time": 35.54369999999848,
  "max_waiting_time": 56.20300000000009,
  "average_ride_time": 23.637330316741973,
  "average_total_service_time": 41.62587782805377,
  "pct_waited_over_30s": 0.15384615384615385,
  "pct_waited_over_60s": 0.0,
  "left_behind_count": 0,
  "left_behind_rate": 0.0,
  "transported_count": 442,
  "throughput_per_hour": 442.0,
  "evaluated_passenger_count": 442
}