car_id,total_distance_floors,empty_distance_floors,loaded_distance_floors,stop_count,door_open_count,average_load,average_occupancy_rate,busy_seconds,idle_seconds
C1,934.0,403.0,531.0,265,265,1.165478700943313,0.07769858006288753,3623.699999999989,319.31500000001193
C2,780.0,323.0,457.0,229,229,0.906328109622686,0.06042187397484573,3053.8999999999933,893.6770000000121
C3,466.0,194.0,272.0,178,178,0.6759994541109425,0.04506663027406284,2025.900000000004,1872.3280000000093
