{
  "scheduler_type": "nearest_car",
  "seed": 77,
  "average_waiting_time": 19.10791016548433,
  "median_waiting_time": 19.19100000000003,
  "p95_waiting_time": 37.06889999999882,
  "max_waiting_time": 61.78700000000026,
  "average_ride_time": 23.178723404255187,
  "average_total_service_time": 42.28663356973952,
  "pct_waited_over_30s": 0.18439716312056736,
  "pct_waited_over_60s": 0.002364066193853428,
  "left_behind_count": 0,
  "left_behind_rate": 0.0,
  "transported_count": 423,
  "throughput_per_hour": 423.0,
  "evaluated_passenger_count": 423
}