car_id,total_distance_floors,empty_distance_floors,loaded_distance_floors,stop_count,door_open_count,average_load,average_occupancy_rate,busy_seconds,idle_seconds
C1,928.0,357.0,571.0,275,275,1.3344111780551486,0.08896074520367657,3663.39999999999,227.08000000000789
C2,844.0,326.0,518.0,262,262,1.1580223522163393,0.07720149014775596,3387.09999999999,537.5220000000116
C3,578.0,245.0,333.0,198,198,0.7201918127041408,0.048012787513609385,2402.5999999999985,1511.6350000000089
