{
  "scheduler_type": "nearest_car",
  "seed": 87,
  "average_waiting_time": 19.204467908902416,
  "median_waiting_time": 18.250999999999976,
  "p95_waiting_time": 37.48849999999895,
  "max_waiting_time": 55.60100000000057,
  "average_ride_time": 24.238509316770077,
  "average_total_service_time": 43.4429772256725,
  "pct_waited_over_30s": 0.15320910973084886,
  "pct_waited_over_60s": 0.0,
  "left_behind_count": 0,
  "left_behind_rate": 0.0,
  "transported_count": 483,
  "throughput_per_hour": 482.99999999999994,
  "evaluated_passenger_count": 483
}