car_id,total_distance_floors,empty_distance_floors,loaded_distance_floors,stop_count,door_open_count,average_load,average_occupancy_rate,busy_seconds,idle_seconds
C1,480.0,230.0,250.0,124,124,0.26163126208694826,0.017442084139129885,1781.8000000000009,5747.499000000003
C2,460.0,220.0,240.0,123,123,0.25426671036086773,0.01695111402405785,1725.5000000000002,5668.311000000002
C3,484.0,236.0,248.0,134,134,0.25885886717236,0.017257257811490668,1837.3000000000009,5387.100000000005
