car_id,total_distance_floors,empty_distance_floors,loaded_distance_floors,stop_count,door_open_count,average_load,average_occupancy_rate,busy_seconds,idle_seconds
C1,1026.0,460.0,566.0,280,280,0.680309313082727,0.045353954205515135,3891.6999999999816,3641.6380000000127
C2,202.0,99.0,103.0,53,53,0.10171274792232782,0.006780849861488521,752.1000000000006,6762.199000000002
C3,6.0,3.0,3.0,5,5,0.009075853970630087,0.0006050569313753391,38.9,5315.968000000001
