car_id,total_distance_floors,empty_distance_floors,loaded_distance_floors,stop_count,door_open_count,average_load,average_occupancy_rate,busy_seconds,idle_seconds
C1,1100.0,514.0,586.0,273,273,0.7182038193832389,0.047880254625549255,4045.699999999983,3420.0080000000153
C2,280.0,126.0,154.0,82,82,0.1693035578650639,0.011286903857670927,1085.2000000000012,6383.633000000003
C3,24.0,12.0,12.0,6,6,0.02987526588335759,0.0019916843922238394,87.89999999999999,4521.264
