car_id,total_distance_floors,empty_distance_floors,loaded_distance_floors,stop_count,door_open_count,average_load,average_occupancy_rate,busy_seconds,idle_seconds
C1,892.0,345.0,547.0,267,267,1.3044912869615197,0.08696608579743464,3532.9999999999895,382.62600000001305
C2,864.0,380.0,484.0,244,244,0.9469084446902668,0.06312722964601779,3342.19999999999,563.0350000000122
C3,770.0,286.0,484.0,233,233,1.0525853532261424,0.07017235688174282,3057.8999999999946,836.0360000000092
