{
  "scheduler_type": "prescient",
  "seed": 87,
  "average_waiting_time": 19.861322981366197,
  "median_waiting_time": 18.095000000000255,
  "p95_waiting_time": 42.135100000000044,
  "max_waiting_time": 71.07899999999881,
  "average_ride_time": 25.143892339544408,
  "average_total_service_time": 45.005215320910594,
  "pct_waited_over_30s": 0.16770186335403728,
  "pct_waited_over_60s": 0.006211180124223602,
  "left_behind_count": 0,
  "left_behind_rate": 0.0,
  "transported_count": 483,
  "throughput_per_hour": 482.99999999999994,
  "evaluated_passenger_count": 483
}