car_id,total_distance_floors,empty_distance_floors,loaded_distance_floors,stop_count,door_open_count,average_load,average_occupancy_rate,busy_seconds,idle_seconds
C1,556.0,270.0,286.0,152,152,0.35458531069319177,0.02363902071287945,2102.9,5344.109000000004
C2,528.0,248.0,280.0,137,137,0.2719934398140037,0.018132895987600248,1961.9,5557.399000000001
C3,408.0,199.0,209.0,105,105,0.1877576697318066,0.01251717798212044,1510.2000000000007,6034.099000000003
