car_id,total_distance_floors,empty_distance_floors,loaded_distance_floors,stop_count,door_open_count,average_load,average_occupancy_rate,busy_seconds,idle_seconds
C1,916.0,401.0,515.0,272,272,1.0360786064843401,0.06907190709895601,3599.3999999999864,324.1440000000146
C2,844.0,345.0,499.0,251,251,0.9142874927644505,0.060952499517630036,3324.79999999999,595.0830000000132
C3,778.0,326.0,452.0,225,225,0.9169900366934338,0.06113266911289559,3038.7999999999947,864.6230000000085
