{
  "scheduler_type": "prescient",
  "seed": 83,
  "average_waiting_time": 19.12633043478233,
  "median_waiting_time": 18.046499999998332,
  "p95_waiting_time": 36.37894999999863,
  "max_waiting_time": 59.13000000000034,
  "average_ride_time": 22.274782608695535,
  "average_total_service_time": 41.40111304347787,
  "pct_waited_over_30s": 0.14565217391304347,
  "pct_waited_over_60s": 0.0,
  "left_behind_count": 0,
  "left_behind_rate": 0.0,
  "transported_count": 460,
  "throughput_per_hour": 459.99999999999994,
  "evaluated_passenger_count": 460
}