car_id,total_distance_floors,empty_distance_floors,loaded_distance_floors,stop_count,door_open_count,average_load,average_occupancy_rate,busy_seconds,idle_seconds
C1,922.0,365.0,557.0,283,283,1.512049414471933,0.10080329429812887,3704.5999999999863,220.40400000001398
C2,746.0,298.0,448.0,246,246,1.02288890611951,0.06819259374130067,3062.799999999994,870.7650000000107
C3,454.0,187.0,267.0,149,149,0.5458448548348349,0.036389656988988994,1856.0000000000023,2053.7190000000073
