car_id,total_distance_floors,empty_distance_floors,loaded_distance_floors,stop_count,door_open_count,average_load,average_occupancy_rate,busy_seconds,idle_seconds
C1,956.0,359.0,597.0,275,275,1.38587815763041,0.09239187717536067,3745.099999999988,195.43400000000995
C2,838.0,374.0,464.0,237,237,0.9437366605118238,0.06291577736745492,3241.5999999999913,649.1040000000102
C3,540.0,223.0,317.0,185,185,0.6017147574950715,0.0401143171663381,2235.8,1661.8940000000084
