{
  "scheduler_type": "predictive",
  "seed": 71,
  "average_waiting_time": 17.189189542483508,
  "median_waiting_time": 16.33600000000024,
  "p95_waiting_time": 32.576300000000145,
  "max_waiting_time": 49.237999999998465,
  "average_ride_time": 25.034858387799463,
  "average_total_service_time": 42.22404793028298,
  "pct_waited_over_30s": 0.0915032679738562,
  "pct_waited_over_60s": 0.0,
  "left_behind_count": 0,
  "left_behind_rate": 0.0,
  "transported_count": 459,
  "throughput_per_hour": 459.0,
  "evaluated_passenger_count": 459
}