{
  "scheduler_type": "prescient",
  "seed": 43,
  "average_waiting_time": 17.635810810810604,
  "median_waiting_time": 17.37799999999993,
  "p95_waiting_time": 34.87659999999955,
  "max_waiting_time": 53.81200000000058,
  "average_ride_time": 24.361711711711603,
  "average_total_service_time": 41.9975225225222,
  "pct_waited_over_30s": 0.09234234234234234,
  "pct_waited_over_60s": 0.0,
  "left_behind_count": 0,
  "left_behind_rate": 0.0,
  "transported_count": 444,
  "throughput_per_hour": 444.0,
  "evaluated_passenger_count": 444
}