{
  "scheduler_type": "predictive",
  "seed": 52,
  "average_waiting_time": 18.94268518518474,
  "median_waiting_time": 17.57199999999966,
  "p95_waiting_time": 37.40725000000009,
  "max_waiting_time": 61.45099999999775,
  "average_ride_time": 26.270781893003985,
  "average_total_service_time": 45.21346707818872,
  "pct_waited_over_30s": 0.14814814814814814,
  "pct_waited_over_60s": 0.00205761316872428,
  "left_behind_count": 0,
  "left_behind_rate": 0.0,
  "transported_count": 486,
  "throughput_per_hour": 486.00000000000006,
  "evaluated_passenger_count": 486
}