car_id,total_distance_floors,empty_distance_floors,loaded_distance_floors,stop_count,door_open_count,average_load,average_occupancy_rate,busy_seconds,idle_seconds
C1,512.0,240.0,272.0,130,130,0.256007880917763,0.0170671920611842,1891.000000000001,5653.299000000003
C2,462.0,231.0,231.0,116,116,0.2584437143484402,0.01722958095656268,1697.0000000000002,5832.299000000004
C3,466.0,233.0,233.0,115,115,0.20916937106306402,0.013944624737537601,1700.4,5711.297000000002
