{
  "scheduler_type": "predictive",
  "seed": 23,
  "average_waiting_time": 14.308452513966474,
  "median_waiting_time": 15.0,
  "p95_waiting_time": 26.242299999999958,
  "max_waiting_time": 42.98599999999942,
  "average_ride_time": 16.390502793296022,
  "average_total_service_time": 30.698955307262494,
  "pct_waited_over_30s": 0.03910614525139665,
  "pct_waited_over_60s": 0.0,
  "left_behind_count": 0,
  "left_behind_rate": 0.0,
  "transported_count": 179,
  "throughput_per_hour": 89.5,
  "evaluated_passenger_count": 179
}