car_id,total_distance_floors,empty_distance_floors,loaded_distance_floors,stop_count,door_open_count,average_load,average_occupancy_rate,busy_seconds,idle_seconds
C1,400.0,189.0,211.0,107,107,0.2565531707144505,0.0171035447142967,1501.1000000000008,6018.199000000004
C2,566.0,276.0,290.0,144,144,0.3025470825893243,0.02016980550595495,2089.7999999999997,5407.876000000004
C3,462.0,231.0,231.0,120,120,0.20763081160331773,0.013842054106887849,1713.6000000000001,5800.699000000001
