car_id,total_distance_floors,empty_distance_floors,loaded_distance_floors,stop_count,door_open_count,average_load,average_occupancy_rate,busy_seconds,idle_seconds
C1,880.0,382.0,498.0,261,261,0.9680827721407855,0.06453885147605237,3452.999999999989,448.2160000000126
C2,792.0,360.0,432.0,216,216,0.7738725405261535,0.05159150270174357,3024.5999999999935,905.7630000000108
C3,756.0,325.0,431.0,210,210,0.8812910319847335,0.058752735465648895,2909.899999999994,955.2250000000089
