{
  "scheduler_type": "prescient",
  "seed": 62,
  "average_waiting_time": 18.427892773892623,
  "median_waiting_time": 17.5,
  "p95_waiting_time": 36.462799999999234,
  "max_waiting_time": 61.800999999999476,
  "average_ride_time": 22.30559440559431,
  "average_total_service_time": 40.73348717948693,
  "pct_waited_over_30s": 0.11655011655011654,
  "pct_waited_over_60s": 0.004662004662004662,
  "left_behind_count": 0,
  "left_behind_rate": 0.0,
  "transported_count": 429,
  "throughput_per_hour": 429.0,
  "evaluated_passenger_count": 429
}