car_id,total_distance_floors,empty_distance_floors,loaded_distance_floors,stop_count,door_open_count,average_load,average_occupancy_rate,busy_seconds,idle_seconds
C1,802.0,262.0,540.0,293,293,1.833911160734759,0.12226074404898393,3454.3999999999883,447.861000000015
C2,678.0,274.0,404.0,227,227,1.004073119379782,0.06693820795865214,2799.799999999997,1011.7750000000076
C3,394.0,176.0,218.0,138,138,0.47865366858985076,0.03191024457265672,1650.6000000000022,2269.9800000000087
