{
  "scheduler_type": "myopic",
  "seed": 50,
  "average_waiting_time": 17.006044642856807,
  "median_waiting_time": 15.530500000000302,
  "p95_waiting_time": 36.1884999999995,
  "max_waiting_time": 53.275999999999385,
  "average_ride_time": 27.539732142856987,
  "average_total_service_time": 44.54577678571379,
  "pct_waited_over_30s": 0.13392857142857142,
  "pct_waited_over_60s": 0.0,
  "left_behind_count": 0,
  "left_behind_rate": 0.0,
  "transported_count": 448,
  "throughput_per_hour": 448.0,
  "evaluated_passenger_count": 448
}