car_id,total_distance_floors,empty_distance_floors,loaded_distance_floors,stop_count,door_open_count,average_load,average_occupancy_rate,busy_seconds,idle_seconds
C1,900.0,322.0,578.0,287,287,1.793150142167718,0.1195433428111812,3674.899999999989,277.4740000000121
C2,750.0,297.0,453.0,224,224,1.038563122438373,0.06923754149589152,2970.6999999999957,932.0960000000086
C3,594.0,239.0,355.0,199,199,0.9627665478457483,0.06418443652304989,2460.399999999998,1449.686000000009
