car_id,total_distance_floors,empty_distance_floors,loaded_distance_floors,stop_count,door_open_count,average_load,average_occupancy_rate,busy_seconds,idle_seconds
C1,900.0,387.0,513.0,264,264,0.9300336940984263,0.062002246273228416,3514.9999999999873,402.60000000001344
C2,802.0,305.0,497.0,240,240,1.0966135677166278,0.07310757118110851,3176.399999999993,734.9140000000089
C3,702.0,300.0,402.0,212,212,0.8917904090465415,0.0594526939364361,2780.8999999999965,1004.8550000000109
