car_id,total_distance_floors,empty_distance_floors,loaded_distance_floors,stop_count,door_open_count,average_load,average_occupancy_rate,busy_seconds,idle_seconds
C1,1050.0,496.0,554.0,289,289,0.6959330483038556,0.046395536553590376,3992.1999999999807,3505.5040000000117
C2,180.0,86.0,94.0,49,49,0.08820956172464413,0.005880637448309608,679.8000000000004,6826.189000000005
C3,16.0,8.0,8.0,10,10,0.03348090857367743,0.002232060571578495,87.8,3538.147000000001
