{
  "scheduler_type": "myopic",
  "seed": 13,
  "average_waiting_time": 14.302162162162086,
  "median_waiting_time": 13.860000000000582,
  "p95_waiting_time": 28.13959999999997,
  "max_waiting_time": 38.639000000000124,
  "average_ride_time": 18.262702702702608,
  "average_total_service_time": 32.564864864864695,
  "pct_waited_over_30s": 0.03783783783783784,
  "pct_waited_over_60s": 0.0,
  "left_behind_count": 0,
  "left_behind_rate": 0.0,
  "transported_count": 185,
  "throughput_per_hour": 92.5,
  "evaluated_passenger_count": 185
}