car_id,total_distance_floors,empty_distance_floors,loaded_distance_floors,stop_count,door_open_count,average_load,average_occupancy_rate,busy_seconds,idle_seconds
C1,874.0,309.0,565.0,284,284,1.4961903432061134,0.09974602288040756,3578.7999999999906,352.91900000000624
C2,688.0,271.0,417.0,234,234,1.1542411717616752,0.07694941145077834,2864.699999999997,1055.2780000000098
C3,512.0,197.0,315.0,167,167,0.6914653298098558,0.04609768865399038,2094.100000000002,1821.353000000011
