{
  "scheduler_type": "myopic",
  "seed": 42,
  "average_waiting_time": 17.586754347825753,
  "median_waiting_time": 16.387499999999903,
  "p95_waiting_time": 36.408249999999555,
  "max_waiting_time": 53.56199999999944,
  "average_ride_time": 25.679130434782483,
  "average_total_service_time": 43.26588478260824,
  "pct_waited_over_30s": 0.12608695652173912,
  "pct_waited_over_60s": 0.0,
  "left_behind_count": 0,
  "left_behind_rate": 0.0,
  "transported_count": 460,
  "throughput_per_hour": 459.99999999999994,
  "evaluated_passenger_count": 460
}