car_id,total_distance_floors,empty_distance_floors,loaded_distance_floors,stop_count,door_open_count,average_load,average_occupancy_rate,busy_seconds,idle_seconds
C1,1088.0,524.0,564.0,268,268,0.6139136435553062,0.04092757623702041,3980.3999999999846,3485.308000000012
C2,338.0,158.0,180.0,88,88,0.18894518059246984,0.012596345372831323,1258.100000000001,6210.733000000004
C3,74.0,35.0,39.0,20,20,0.10680895711239606,0.007120597140826404,279.3,4329.864000000002
