{
  "scheduler_type": "prescient",
  "seed": 18,
  "average_waiting_time": 14.538810945273598,
  "median_waiting_time": 15.0,
  "p95_waiting_time": 28.720000000000255,
  "max_waiting_time": 35.37700000000132,
  "average_ride_time": 18.05323383084566,
  "average_total_service_time": 32.59204477611926,
  "pct_waited_over_30s": 0.03980099502487562,
  "pct_waited_over_60s": 0.0,
  "left_behind_count": 0,
  "left_behind_rate": 0.0,
  "transported_count": 201,
  "throughput_per_hour": 100.5,
  "evaluated_passenger_count": 201
}