car_id,total_distance_floors,empty_distance_floors,loaded_distance_floors,stop_count,door_open_count,average_load,average_occupancy_rate,busy_seconds,idle_seconds
C1,946.0,440.0,506.0,264,264,0.6298877596015363,0.04199251730676909,3618.8999999999855,3930.699000000014
C2,224.0,102.0,122.0,66,66,0.17005559800718856,0.011337039867145904,872.1000000000008,6667.199000000004
C3,16.0,8.0,8.0,4,4,0.02984996975983456,0.001989997983988971,58.6,3016.7799999999997
