{
  "scheduler_type": "myopic",
  "seed": 26,
  "average_waiting_time": 15.35288764044929,
  "median_waiting_time": 15.0,
  "p95_waiting_time": 30.88495000000021,
  "max_waiting_time": 48.45899999999938,
  "average_ride_time": 17.64382022471892,
  "average_total_service_time": 32.99670786516821,
  "pct_waited_over_30s": 0.056179775280898875,
  "pct_waited_over_60s": 0.0,
  "left_behind_count": 0,
  "left_behind_rate": 0.0,
  "transported_count": 178,
  "throughput_per_hour": 89.0,
  "evaluated_passenger_count": 178
}