car_id,total_distance_floors,empty_distance_floors,loaded_distance_floors,stop_count,door_open_count,average_load,average_occupancy_rate,busy_seconds,idle_seconds
C1,816.0,313.0,503.0,251,251,1.1725043023869108,0.07816695349246072,3261.4999999999895,649.7010000000153
C2,724.0,302.0,422.0,218,218,0.9680393126714127,0.06453595417809418,2872.199999999995,1045.9260000000086
C3,714.0,292.0,422.0,219,219,1.031475332317686,0.0687650221545124,2851.599999999994,1048.0570000000107
