{
  "scheduler_type": "predictive",
  "seed": 61,
  "average_waiting_time": 18.18634157303353,
  "median_waiting_time": 17.5,
  "p95_waiting_time": 37.316200000000116,
  "max_waiting_time": 60.651000000000295,
  "average_ride_time": 25.957078651685254,
  "average_total_service_time": 44.143420224718774,
  "pct_waited_over_30s": 0.13258426966292136,
  "pct_waited_over_60s": 0.0022471910112359553,
  "left_behind_count": 0,
  "left_behind_rate": 0.0,
  "transported_count": 445,
  "throughput_per_hour": 445.0,
  "evaluated_passenger_count": 445
}