{
  "myopic": {
    "average_waiting_time_mean": 17.725920178863298,
    "average_waiting_time_std": 0.6296699987651762,
    "average_waiting_time_ci95_low": 17.54961257920905,
    "average_waiting_time_ci95_high": 17.902227778517545,
    "median_waiting_time_mean": 16.56778999999976,
    "median_waiting_time_std": 0.8032121829877533,
    "median_waiting_time_ci95_low": 16.34289058876319,
    "median_waiting_time_ci95_high": 16.79268941123633,
    "p95_waiting_time_mean": 35.66380799999948,
    "p95_waiting_time_std": 1.2051713677049685,
    "p95_waiting_time_ci95_low": 35.326360017042084,
    "p95_waiting_time_ci95_high": 36.00125598295687,
    "max_waiting_time_mean": 52.02807999999946,
    "max_waiting_time_std": 5.443323362946432,
    "max_waiting_time_ci95_low": 50.503949458374464,
    "max_waiting_time_ci95_high": 53.55221054162446,
    "average_ride_time_mean": 26.44012573996726,
    "average_ride_time_std": 1.1254054394186164,
    "average_ride_time_ci95_low": 26.12501221693005,
    "average_ride_time_ci95_high": 26.755239263004473,
    "average_total_service_time_mean": 44.16604591883056,
    "average_total_service_time_std": 1.482306780837519,
    "average_total_service_time_ci95_low": 43.75100002019606,
    "average_total_service_time_ci95_high": 44.581091817465065,
    "pct_waited_over_30s_mean": 0.1271224078807673,
    "pct_waited_over_30s_std": 0.016979404646598913,
    "pct_waited_over_30s_ci95_low": 0.12236817457971962,
    "pct_waited_over_30s_ci95_high": 0.131876641181815,
    "pct_waited_over_60s_mean": 0.00012700550976886142,
    "pct_waited_over_60s_std": 0.0005028393900415853,
    "pct_waited_over_60s_ci95_low": -1.3789519442782488e-05,
    "pct_waited_over_60s_ci95_high": 0.0002678005389805053,
    "left_behind_count_mean": 0.0,
    "left_behind_count_std": 0.0,
    "left_behind_count_ci95_low": 0.0,
    "left_behind_count_ci95_high": 0.0,
    "left_behind_rate_mean": 0.0,
    "left_behind_rate_std": 0.0,
    "left_behind_rate_ci95_low": 0.0,
    "left_behind_rate_ci95_high": 0.0,
    "transported_count_mean": 455.94,
    "transported_count_std": 17.7757250203754,
    "transported_count_ci95_low": 450.9627969942949,
    "transported_count_ci95_high": 460.9172030057051,
    "throughput_per_hour_mean": 455.94,
    "throughput_per_hour_std": 17.775725020375408,
    "throughput_per_hour_ci95_low": 450.9627969942949,
    "throughput_per_hour_ci95_high": 460.9172030057051,
    "evaluated_passenger_count_mean": 455.94,
    "evaluated_passenger_count_std": 17.7757250203754,
    "evaluated_passenger_count_ci95_low": 450.9627969942949,
    "evaluated_passenger_count_ci95_high": 460.9172030057051,
    "n_runs": 50,
    "empty_distance_mean": 820.5,
    "empty_distance_std": 40.17474330969645,
    "empty_distance_ci95_low": 809.251071873285,
    "empty_distance_ci95_high": 831.748928126715,
    "stop_count_mean": 687.3,
    "stop_count_std": 21.53996285976371,
    "stop_count_ci95_low": 681.2688103992662,
    "stop_count_ci95_high": 693.3311896007338,
    "total_distance_mean": 2137.36,
    "total_distance_std": 87.566605506894,
    "total_distance_ci95_low": 2112.84135045807,
    "total_distance_ci95_high": 2161.8786495419304
  },
  "nearest_car": {
    "average_waiting_time_mean": 18.57835570300048,
    "average_waiting_time_std": 0.5858426380198851,
    "average_waiting_time_ci95_low": 18.41431976435491,
    "average_waiting_time_ci95_high": 18.742391641646048,
    "median_waiting_time_mean": 17.359709999999556,
    "median_waiting_time_std": 0.6887457229629423,
    "median_waiting_time_ci95_low": 17.166861197569933,
    "median_waiting_time_ci95_high": 17.55255880242918,
    "p95_waiting_time_mean": 37.64374699999931,
    "p95_waiting_time_std": 1.0470592144386563,
    "p95_waiting_time_ci95_low": 37.35057041995648,
    "p95_waiting_time_ci95_high": 37.936923580042134,
    "max_waiting_time_mean": 59.66337999999965,
    "max_waiting_time_std": 6.9418038545898515,
    "max_waiting_time_ci95_low": 57.71967492071449,
    "max_waiting_time_ci95_high": 61.60708507928481,
    "average_ride_time_mean": 23.29781787051188,
    "average_ride_time_std": 0.9641092747490737,
    "average_ride_time_ci95_low": 23.027867273582142,
    "average_ride_time_ci95_high": 23.56776846744162,
    "average_total_service_time_mean": 41.87617357351236,
    "average_total_service_time_std": 1.2988977973864004,
    "average_total_service_time_ci95_low": 41.51248219024417,
    "average_total_service_time_ci95_high": 42.23986495678055,
    "pct_waited_over_30s_mean": 0.15654350145725027,
    "pct_waited_over_30s_std": 0.017679787572589964,
    "pct_waited_over_30s_ci95_low": 0.15159316093692507,
    "pct_waited_over_30s_ci95_high": 0.16149384197757546,
    "pct_waited_over_60s_mean": 0.001340336260633916,
    "pct_waited_over_60s_std": 0.0021107234686851507,
    "pct_waited_over_60s_ci95_low": 0.000749333689402074,
    "pct_waited_over_60s_ci95_high": 0.001931338831865758,
    "left_behind_count_mean": 0.0,
    "left_behind_count_std": 0.0,
    "left_behind_count_ci95_low": 0.0,
    "left_behind_count_ci95_high": 0.0,
    "left_behind_rate_mean": 0.0,
    "left_behind_rate_std": 0.0,
    "left_behind_rate_ci95_low": 0.0,
    "left_behind_rate_ci95_high": 0.0,
    "transported_count_mean": 455.94,
    "transported_count_std": 17.7757250203754,
    "transported_count_ci95_low": 450.9627969942949,
    "transported_count_ci95_high": 460.9172030057051,
    "throughput_per_hour_mean": 455.94,
    "throughput_per_hour_std": 17.775725020375408,
    "throughput_per_hour_ci95_low": 450.9627969942949,
    "throughput_per_hour_ci95_high": 460.9172030057051,
    "evaluated_passenger_count_mean": 455.94,
    "evaluated_passenger_count_std": 17.7757250203754,
    "evaluated_passenger_count_ci95_low": 450.9627969942949,
    "evaluated_passenger_count_ci95_high": 460.9172030057051,
    "n_runs": 50,
    "empty_distance_mean": 946.16,
    "empty_distance_std": 42.65459412536943,
    "empty_distance_ci95_low": 934.2167136448966,
    "empty_distance_ci95_high": 958.1032863551034,
    "stop_count_mean": 722.52,
    "stop_count_std": 23.228637497709588,
    "stop_count_ci95_low": 716.0159815006413,
    "stop_count_ci95_high": 729.0240184993587,
    "total_distance_mean": 2295.52,
    "total_distance_std": 89.85193153182628,
    "total_distance_ci95_low": 2270.3614591710884,
    "total_distance_ci95_high": 2320.6785408289115
  },
  "predictive": {
    "average_waiting_time_mean": 18.205116636607332,
    "average_waiting_time_std": 0.678894368982465,
    "average_waiting_time_ci95_low": 18.01502621329224,
    "average_waiting_time_ci95_high": 18.395207059922424,
    "median_waiting_time_mean": 17.095249999999766,
    "median_waiting_time_std": 0.7376703277887212,
    "median_waiting_time_ci95_low": 16.888702308218924,
    "median_waiting_time_ci95_high": 17.301797691780607,
    "p95_waiting_time_mean": 36.29687699999953,
    "p95_waiting_time_std": 1.6387161391227356,
    "p95_waiting_time_ci95_low": 35.838036481045165,
    "p95_waiting_time_ci95_high": 36.7557175189539,
    "max_waiting_time_mean": 56.89919999999935,
    "max_waiting_time_std": 6.666252089442598,
    "max_waiting_time_ci95_low": 55.03264941495542,
    "max_waiting_time_ci95_high": 58.76575058504327,
    "average_ride_time_mean": 25.8241303808937,
    "average_ride_time_std": 1.3095353697777892,
    "average_ride_time_ci95_low": 25.45746047735592,
    "average_ride_time_ci95_high": 26.19080028443148,
    "average_total_service_time_mean": 44.029247017501035,
    "average_total_service_time_std": 1.7332623317819065,
    "average_total_service_time_ci95_low": 43.5439335646021,
    "average_total_service_time_ci95_high": 44.51456047039997,
    "pct_waited_over_30s_mean": 0.12974149345404146,
    "pct_waited_over_30s_std": 0.018510338903922438,
    "pct_waited_over_30s_ci95_low": 0.12455859856094317,
    "pct_waited_over_30s_ci95_high": 0.13492438834713974,
    "pct_waited_over_60s_mean": 0.0007329437965686279,