,baseline_scheduler,n_pairs,mean_waiting_time_difference_seconds,difference_ci95_low,difference_ci95_high,improvement_pct
nearest_car,myopic,50,0.8524355241371796,0.6789424432588888,1.0259286050154706,-4.808977562437852
predictive,myopic,50,0.47919645774403563,0.30700019712169424,0.651392718366377,-2.703365765549582
prescient,myopic,50,0.6632265537377697,0.4493115809722446,0.8771415265032949,-3.7415634677663325
