car_id,total_distance_floors,empty_distance_floors,loaded_distance_floors,stop_count,door_open_count,average_load,average_occupancy_rate,busy_seconds,idle_seconds
C1,902.0,371.0,531.0,270,270,1.2438458913708408,0.08292305942472272,3571.9999999999895,366.8320000000127
C2,738.0,283.0,455.0,229,229,1.122109241661617,0.07480728277744113,2967.8999999999937,899.7270000000096
C3,730.0,300.0,430.0,213,213,1.0251172916040197,0.06834115277360131,2863.2999999999947,1021.0360000000101
