{
  "scheduler_type": "predictive",
  "seed": 48,
  "average_waiting_time": 18.924756989247133,
  "median_waiting_time": 17.5,
  "p95_waiting_time": 39.038,
  "max_waiting_time": 62.63399999999865,
  "average_ride_time": 26.162795698924604,
  "average_total_service_time": 45.08755268817175,
  "pct_waited_over_30s": 0.16989247311827957,
  "pct_waited_over_60s": 0.002150537634408602,
  "left_behind_count": 0,
  "left_behind_rate": 0.0,
  "transported_count": 465,
  "throughput_per_hour": 465.00000000000006,
  "evaluated_passenger_count": 465
}