car_id,total_distance_floors,empty_distance_floors,loaded_distance_floors,stop_count,door_open_count,average_load,average_occupancy_rate,busy_seconds,idle_seconds
C1,878.0,327.0,551.0,281,281,1.4221925066190717,0.09481283377460478,3581.399999999987,340.22100000001205
C2,756.0,284.0,472.0,236,236,1.195558392690866,0.07970389284605774,3043.9999999999945,877.013000000012
C3,500.0,218.0,282.0,156,156,0.6344694771592791,0.04229796514395194,1999.6000000000001,1834.627000000005
