car_id,total_distance_floors,empty_distance_floors,loaded_distance_floors,stop_count,door_open_count,average_load,average_occupancy_rate,busy_seconds,idle_seconds
C1,520.0,252.0,268.0,133,133,0.2658318165192208,0.017722121101281386,1921.7000000000003,5451.759000000004
C2,406.0,203.0,203.0,112,112,0.2093430272040688,0.013956201813604586,1538.7000000000007,5872.581000000003
C3,436.0,214.0,222.0,112,112,0.26030372227668847,0.017353581485112565,1615.0000000000002,5899.299000000002
