{
  "scheduler_type": "predictive",
  "seed": 27,
  "average_waiting_time": 13.660044943820191,
  "median_waiting_time": 12.566000000000258,
  "p95_waiting_time": 24.727949999999897,
  "max_waiting_time": 40.875,
  "average_ride_time": 16.19325842696622,
  "average_total_service_time": 29.853303370786413,
  "pct_waited_over_30s": 0.011235955056179775,
  "pct_waited_over_60s": 0.0,
  "left_behind_count": 0,
  "left_behind_rate": 0.0,
  "transported_count": 178,
  "throughput_per_hour": 89.0,
  "evaluated_passenger_count": 178
}