car_id,total_distance_floors,empty_distance_floors,loaded_distance_floors,stop_count,door_open_count,average_load,average_occupancy_rate,busy_seconds,idle_seconds
C1,878.0,383.0,495.0,279,279,1.033688409112817,0.06891256060752113,3543.2999999999865,388.34900000001437
C2,784.0,331.0,453.0,261,261,0.9208154873725853,0.061387699158172354,3215.8999999999905,663.5960000000118
C3,630.0,282.0,348.0,199,199,0.6833700685452557,0.045558004569683716,2534.299999999997,1355.2470000000103
