{
  "scheduler_type": "predictive",
  "seed": 85,
  "average_waiting_time": 18.431966740576236,
  "median_waiting_time": 17.5,
  "p95_waiting_time": 37.39499999999964,
  "max_waiting_time": 56.755999999998494,
  "average_ride_time": 25.45942350332583,
  "average_total_service_time": 43.891390243902066,
  "pct_waited_over_30s": 0.13968957871396895,
  "pct_waited_over_60s": 0.0,
  "left_behind_count": 0,
  "left_behind_rate": 0.0,
  "transported_count": 451,
  "throughput_per_hour": 450.99999999999994,
  "evaluated_passenger_count": 451
}