car_id,total_distance_floors,empty_distance_floors,loaded_distance_floors,stop_count,door_open_count,average_load,average_occupancy_rate,busy_seconds,idle_seconds
C1,894.0,367.0,527.0,282,282,1.1692281635072643,0.07794854423381763,3603.3999999999883,316.9640000000125
C2,740.0,298.0,442.0,261,261,1.0290924115951081,0.06860616077300721,3112.299999999994,806.0070000000107
C3,676.0,288.0,388.0,205,205,0.7435667454111333,0.04957111636074222,2676.0999999999954,1281.8500000000106
