{
  "scheduler_type": "nearest_car",
  "seed": 66,
  "average_waiting_time": 18.21669958847692,
  "median_waiting_time": 17.5,
  "p95_waiting_time": 38.771249999998105,
  "max_waiting_time": 50.100000000000364,
  "average_ride_time": 22.50205761316862,
  "average_total_service_time": 40.71875720164555,
  "pct_waited_over_30s": 0.15432098765432098,
  "pct_waited_over_60s": 0.0,
  "left_behind_count": 0,
  "left_behind_rate": 0.0,
  "transported_count": 486,
  "throughput_per_hour": 486.00000000000006,
  "evaluated_passenger_count": 486
}