car_id,total_distance_floors,empty_distance_floors,loaded_distance_floors,stop_count,door_open_count,average_load,average_occupancy_rate,busy_seconds,idle_seconds
C1,1054.0,502.0,552.0,283,283,0.6551473118546632,0.043676487456977546,3975.599999999983,3553.6990000000105
C2,190.0,90.0,100.0,67,67,0.1412383168102563,0.00941588778735042,788.5000000000009,5874.706
C3,20.0,4.0,16.0,8,8,0.038788498165095,0.002585899877673,88.5,3786.36
