{
  "scheduler_type": "myopic",
  "seed": 40,
  "average_waiting_time": 14.680858585858552,
  "median_waiting_time": 14.985000000000127,
  "p95_waiting_time": 28.179499999999976,
  "max_waiting_time": 34.55399999999963,
  "average_ride_time": 17.7030303030302,
  "average_total_service_time": 32.383888888888755,
  "pct_waited_over_30s": 0.045454545454545456,
  "pct_waited_over_60s": 0.0,
  "left_behind_count": 0,
  "left_behind_rate": 0.0,
  "transported_count": 198,
  "throughput_per_hour": 99.0,
  "evaluated_passenger_count": 198
}