car_id,total_distance_floors,empty_distance_floors,loaded_distance_floors,stop_count,door_open_count,average_load,average_occupancy_rate,busy_seconds,idle_seconds
C1,1054.0,466.0,588.0,276,276,0.7803254000140178,0.05202169333426786,3951.7999999999834,3567.499000000016
C2,260.0,128.0,132.0,87,87,0.13070880200679044,0.008713920133786029,1056.5000000000014,6437.257000000003
C3,12.0,6.0,6.0,2,2,0.01735230100344168,0.0011568200668961122,39.300000000000004,3470.321
