car_id,total_distance_floors,empty_distance_floors,loaded_distance_floors,stop_count,door_open_count,average_load,average_occupancy_rate,busy_seconds,idle_seconds
C1,1002.0,467.0,535.0,259,259,0.6309998192334548,0.04206665461556366,3728.1999999999844,3817.4440000000113
C2,210.0,104.0,106.0,57,57,0.11510678460649551,0.007673785640433034,792.3000000000008,6751.999000000003
C3,32.0,11.0,21.0,10,10,0.045460135672580844,0.00303067571150539,127.79999999999998,5523.305
