{
  "scheduler_type": "prescient",
  "seed": 25,
  "average_waiting_time": 14.803357954545351,
  "median_waiting_time": 15.0,
  "p95_waiting_time": 28.17974999999933,
  "max_waiting_time": 38.248999999999796,
  "average_ride_time": 18.056818181818038,
  "average_total_service_time": 32.860176136363386,
  "pct_waited_over_30s": 0.022727272727272728,
  "pct_waited_over_60s": 0.0,
  "left_behind_count": 0,
  "left_behind_rate": 0.0,
  "transported_count": 176,
  "throughput_per_hour": 88.0,
  "evaluated_passenger_count": 176
}