car_id,total_distance_floors,empty_distance_floors,loaded_distance_floors,stop_count,door_open_count,average_load,average_occupancy_rate,busy_seconds,idle_seconds
C1,800.0,322.0,478.0,252,252,1.092401917685162,0.07282679451234414,3227.899999999991,650.5260000000121
C2,668.0,272.0,396.0,224,224,0.8772742322507133,0.05848494881671422,2759.1999999999953,1149.0420000000115
C3,778.0,320.0,458.0,228,228,1.0211803857561104,0.06807869238374069,3052.099999999992,884.3250000000072
