car_id,total_distance_floors,empty_distance_floors,loaded_distance_floors,stop_count,door_open_count,average_load,average_occupancy_rate,busy_seconds,idle_seconds
C1,1092.0,513.0,579.0,281,281,0.6266188548465546,0.041774590323103634,4053.1999999999803,3491.099000000007
C2,304.0,149.0,155.0,75,75,0.1674574601567533,0.011163830677116886,1112.000000000001,6412.299000000003
C3,66.0,30.0,36.0,13,13,0.06332202355991003,0.004221468237327335,226.09999999999994,5020.1
