{
  "scheduler_type": "prescient",
  "seed": 43,
  "average_waiting_time": 15.080663265306104,
  "median_waiting_time": 14.35200000000009,
  "p95_waiting_time": 27.424999999999955,
  "max_waiting_time": 40.17499999999973,
  "average_ride_time": 17.85306122448971,
  "average_total_service_time": 32.933724489795814,
  "pct_waited_over_30s": 0.030612244897959183,
  "pct_waited_over_60s": 0.0,
  "left_behind_count": 0,
  "left_behind_rate": 0.0,
  "transported_count": 196,
  "throughput_per_hour": 98.0,
  "evaluated_passenger_count": 196
}