car_id,total_distance_floors,empty_distance_floors,loaded_distance_floors,stop_count,door_open_count,average_load,average_occupancy_rate,busy_seconds,idle_seconds
C1,940.0,354.0,586.0,275,275,1.3649581142737528,0.09099720761825018,3700.5999999999876,231.169000000011
C2,732.0,284.0,448.0,247,247,1.086680255994467,0.07244535039963114,3039.7999999999925,894.6600000000102
C3,480.0,189.0,291.0,170,170,0.8718724957706321,0.058124833051375474,2030.9000000000035,1899.9500000000075
