car_id,total_distance_floors,empty_distance_floors,loaded_distance_floors,stop_count,door_open_count,average_load,average_occupancy_rate,busy_seconds,idle_seconds
C1,1054.0,496.0,558.0,274,274,0.6027541766597845,0.04018361177731897,3927.5999999999817,3602.99900000001
C2,300.0,145.0,155.0,84,84,0.19195298438430716,0.012796865625620478,1143.5000000000011,5851.963000000002
C3,50.0,25.0,25.0,14,14,0.0179249258770016,0.0011949950584667734,190.09999999999997,6515.646000000001
