car_id,total_distance_floors,empty_distance_floors,loaded_distance_floors,stop_count,door_open_count,average_load,average_occupancy_rate,busy_seconds,idle_seconds
C1,888.0,333.0,555.0,292,292,1.3694253234377431,0.0912950215625162,3635.399999999989,289.3120000000126
C2,844.0,359.0,485.0,261,261,1.0171852870543308,0.06781235247028872,3374.699999999989,522.8200000000129
C3,690.0,288.0,402.0,201,201,0.8011738350053543,0.05341158900035695,2690.8999999999955,1189.0320000000095
