car_id,total_distance_floors,empty_distance_floors,loaded_distance_floors,stop_count,door_open_count,average_load,average_occupancy_rate,busy_seconds,idle_seconds
C1,514.0,241.0,273.0,130,130,0.2785886786177595,0.018572578574517298,1894.7000000000005,5574.017000000005
C2,486.0,230.0,256.0,119,119,0.2931888448139694,0.01954592298759796,1772.2000000000005,5779.5880000000025
C3,494.0,244.0,250.0,126,126,0.2579285522115847,0.01719523681410565,1823.800000000001,5710.457000000002
