car_id,total_distance_floors,empty_distance_floors,loaded_distance_floors,stop_count,door_open_count,average_load,average_occupancy_rate,busy_seconds,idle_seconds
C1,1044.0,475.0,569.0,291,291,0.6889087549850257,0.045927250332335044,3988.6999999999825,3540.5990000000147
C2,292.0,137.0,155.0,77,77,0.20769313448840163,0.013846208965893442,1092.900000000001,5987.257000000004
C3,6.0,3.0,3.0,2,2,0.008232473032755165,0.000548831535517011,24.3,4640.155
