car_id,total_distance_floors,empty_distance_floors,loaded_distance_floors,stop_count,door_open_count,average_load,average_occupancy_rate,busy_seconds,idle_seconds
C1,492.0,242.0,250.0,146,146,0.2948388751824678,0.01965592501216452,1912.7000000000012,5563.926000000006
C2,488.0,243.0,245.0,120,120,0.2270994949197791,0.015139966327985274,1779.6000000000004,5749.699000000002
C3,548.0,267.0,281.0,138,138,0.24947239177140057,0.01663149278476004,2015.6000000000004,5403.257000000005
