{
  "scheduler_type": "predictive",
  "seed": 11,
  "average_waiting_time": 13.367444444444427,
  "median_waiting_time": 15.0,
  "p95_waiting_time": 21.522499999999944,
  "max_waiting_time": 31.4079999999999,
  "average_ride_time": 16.248309178743867,
  "average_total_service_time": 29.615753623188297,
  "pct_waited_over_30s": 0.004830917874396135,
  "pct_waited_over_60s": 0.0,
  "left_behind_count": 0,
  "left_behind_rate": 0.0,
  "transported_count": 207,
  "throughput_per_hour": 103.5,
  "evaluated_passenger_count": 207
}