{
  "scheduler_type": "predictive",
  "seed": 57,
  "average_waiting_time": 18.05543790849647,
  "median_waiting_time": 16.559999999999945,
  "p95_waiting_time": 35.0002999999988,
  "max_waiting_time": 54.85600000000045,
  "average_ride_time": 23.85294117647047,
  "average_total_service_time": 41.90837908496693,
  "pct_waited_over_30s": 0.12200435729847495,
  "pct_waited_over_60s": 0.0,
  "left_behind_count": 0,
  "left_behind_rate": 0.0,
  "transported_count": 459,
  "throughput_per_hour": 459.0,
  "evaluated_passenger_count": 459
}