car_id,total_distance_floors,empty_distance_floors,loaded_distance_floors,stop_count,door_open_count,average_load,average_occupancy_rate,busy_seconds,idle_seconds
C1,1170.0,554.0,616.0,305,305,0.7184882993473566,0.04789921995649044,4372.099999999981,3182.0940000000123
C2,282.0,135.0,147.0,84,84,0.17036147494329956,0.011357431662886637,1098.200000000001,5810.052000000002
C3,10.0,5.0,5.0,4,4,0.006836002234869649,0.0004557334823246433,43.6,3335.568
