car_id,total_distance_floors,empty_distance_floors,loaded_distance_floors,stop_count,door_open_count,average_load,average_occupancy_rate,busy_seconds,idle_seconds
C1,1060.0,482.0,578.0,285,285,0.7517676180577417,0.05011784120384945,3998.499999999982,3313.60000000001
C2,232.0,116.0,116.0,67,67,0.11175110007126364,0.007450073338084243,892.2000000000011,6418.6900000000005
C3,32.0,13.0,19.0,9,9,0.02084552784124167,0.001389701856082778,122.5,6497.625
