{
  "scheduler_type": "predictive",
  "seed": 73,
  "average_waiting_time": 18.2610975609754,
  "median_waiting_time": 17.5,
  "p95_waiting_time": 36.51800000000031,
  "max_waiting_time": 50.77700000000016,
  "average_ride_time": 25.07937915742784,
  "average_total_service_time": 43.340476718403245,
  "pct_waited_over_30s": 0.13303769401330376,
  "pct_waited_over_60s": 0.0,
  "left_behind_count": 0,
  "left_behind_rate": 0.0,
  "transported_count": 451,
  "throughput_per_hour": 450.99999999999994,
  "evaluated_passenger_count": 451
}