{
  "scheduler_type": "predictive",
  "seed": 3,
  "average_waiting_time": 12.727993377483417,
  "median_waiting_time": 10.696999999999889,
  "p95_waiting_time": 29.89949999999999,
  "max_waiting_time": 42.419000000000096,
  "average_ride_time": 25.882119205297904,
  "average_total_service_time": 38.610112582781326,
  "pct_waited_over_30s": 0.052980132450331126,
  "pct_waited_over_60s": 0.0,
  "left_behind_count": 0,
  "left_behind_rate": 0.0,
  "transported_count": 151,
  "throughput_per_hour": 151.0,
  "evaluated_passenger_count": 151
}