car_id,total_distance_floors,empty_distance_floors,loaded_distance_floors,stop_count,door_open_count,average_load,average_occupancy_rate,busy_seconds,idle_seconds
C1,876.0,357.0,519.0,266,266,1.3331978701304383,0.08887985800869588,3493.5999999999885,423.8230000000129
C2,736.0,314.0,422.0,236,236,0.9459360962404642,0.06306240641603095,2985.899999999993,937.9380000000122
C3,670.0,271.0,399.0,197,197,0.9353127305848957,0.062354182038993046,2638.2999999999975,1211.9630000000075
