car_id,total_distance_floors,empty_distance_floors,loaded_distance_floors,stop_count,door_open_count,average_load,average_occupancy_rate,busy_seconds,idle_seconds
C1,1016.0,474.0,542.0,270,270,0.6669284786245546,0.04446189857497031,3819.4999999999836,3694.799000000008
C2,172.0,81.0,91.0,47,47,0.14831068921104784,0.009887379280736523,649.2000000000004,4885.1280000000015
C3,20.0,7.0,13.0,5,5,0.04094380022991356,0.0027295866819942376,73.9,4637.436
