car_id,total_distance_floors,empty_distance_floors,loaded_distance_floors,stop_count,door_open_count,average_load,average_occupancy_rate,busy_seconds,idle_seconds
C1,1016.0,494.0,522.0,270,270,0.5857632228901193,0.039050881526007955,3808.0999999999835,3706.199000000006
C2,236.0,117.0,119.0,67,67,0.1446919724283956,0.009646131495226373,903.500000000001,6509.489000000003
C3,38.0,16.0,22.0,11,11,0.026897341925863374,0.0017931561283908916,146.79999999999998,5690.208000000001
