{
  "scheduler_type": "prescient",
  "seed": 27,
  "average_waiting_time": 14.237601123595452,
  "median_waiting_time": 15.0,
  "p95_waiting_time": 25.9534999999999,
  "max_waiting_time": 36.91399999999976,
  "average_ride_time": 16.761797752808903,
  "average_total_service_time": 30.999398876404356,
  "pct_waited_over_30s": 0.0056179775280898875,
  "pct_waited_over_60s": 0.0,
  "left_behind_count": 0,
  "left_behind_rate": 0.0,
  "transported_count": 178,
  "throughput_per_hour": 89.0,
  "evaluated_passenger_count": 178
}