car_id,total_distance_floors,empty_distance_floors,loaded_distance_floors,stop_count,door_open_count,average_load,average_occupancy_rate,busy_seconds,idle_seconds
C1,1186.0,556.0,630.0,304,304,0.7382891685819699,0.04921927790546466,4406.499999999979,3137.5630000000147
C2,300.0,134.0,166.0,80,80,0.22065739381422758,0.014710492920948505,1127.5000000000011,5905.575000000002
C3,4.0,2.0,2.0,4,4,0.010410584093828725,0.0006940389395885816,28.599999999999998,2968.3500000000004
