{
  "scheduler_type": "myopic",
  "seed": 6,
  "average_waiting_time": 15.998103286384884,
  "median_waiting_time": 15.0,
  "p95_waiting_time": 29.484799999999517,
  "max_waiting_time": 38.0019999999995,
  "average_ride_time": 18.79812206572757,
  "average_total_service_time": 34.79622535211245,
  "pct_waited_over_30s": 0.051643192488262914,
  "pct_waited_over_60s": 0.0,
  "left_behind_count": 0,
  "left_behind_rate": 0.0,
  "transported_count": 213,
  "throughput_per_hour": 106.5,
  "evaluated_passenger_count": 213
}