car_id,total_distance_floors,empty_distance_floors,loaded_distance_floors,stop_count,door_open_count,average_load,average_occupancy_rate,busy_seconds,idle_seconds
C1,482.0,236.0,246.0,141,141,0.2534238649058852,0.016894924327059014,1866.5000000000005,5323.036000000003
C2,592.0,291.0,301.0,152,152,0.28141474985104786,0.01876098332340319,2189.999999999999,4899.536000000001
C3,598.0,289.0,309.0,143,143,0.33054749616198414,0.022036499744132278,2162.7999999999984,5303.298000000002
