{
  "scheduler_type": "predictive",
  "seed": 41,
  "average_waiting_time": 14.006380090497743,
  "median_waiting_time": 12.5,
  "p95_waiting_time": 28.30199999999968,
  "max_waiting_time": 40.450000000000045,
  "average_ride_time": 16.697737556561044,
  "average_total_service_time": 30.704117647058784,
  "pct_waited_over_30s": 0.03619909502262444,
  "pct_waited_over_60s": 0.0,
  "left_behind_count": 0,
  "left_behind_rate": 0.0,
  "transported_count": 221,
  "throughput_per_hour": 110.5,
  "evaluated_passenger_count": 221
}