car_id,total_distance_floors,empty_distance_floors,loaded_distance_floors,stop_count,door_open_count,average_load,average_occupancy_rate,busy_seconds,idle_seconds
C1,854.0,336.0,518.0,249,249,1.234458689281763,0.08229724595211754,3354.6999999999916,590.5110000000086
C2,694.0,260.0,434.0,224,224,1.2180248648769478,0.08120165765846318,2833.3999999999965,1012.9090000000089
C3,736.0,287.0,449.0,221,221,1.0694281847628773,0.07129521231752516,2921.3999999999965,977.132000000009
