car_id,total_distance_floors,empty_distance_floors,loaded_distance_floors,stop_count,door_open_count,average_load,average_occupancy_rate,busy_seconds,idle_seconds
C1,1118.0,515.0,603.0,292,292,0.7356565707981575,0.04904377138654383,4180.399999999981,3343.8990000000113
C2,172.0,86.0,86.0,50,50,0.08938415116732648,0.005958943411155099,661.8000000000003,6867.499000000002
C3,6.0,3.0,3.0,2,2,0.01984966976662681,0.0013233113177751206,24.3,1910.241
