car_id,total_distance_floors,empty_distance_floors,loaded_distance_floors,stop_count,door_open_count,average_load,average_occupancy_rate,busy_seconds,idle_seconds
C1,876.0,342.0,534.0,274,274,1.270588702534633,0.08470591350230887,3517.899999999992,410.0430000000083
C2,838.0,350.0,488.0,264,264,0.9736676837584596,0.06491117891723064,3361.8999999999887,579.0750000000132
C3,564.0,241.0,323.0,196,196,0.7039691756729476,0.04693127837819651,2350.6999999999994,1475.8880000000079
