{
  "scheduler_type": "nearest_car",
  "seed": 57,
  "average_waiting_time": 17.75884967320237,
  "median_waiting_time": 16.48799999999983,
  "p95_waiting_time": 36.543600000000026,
  "max_waiting_time": 64.72199999999884,
  "average_ride_time": 23.173638344226493,
  "average_total_service_time": 40.93248801742887,
  "pct_waited_over_30s": 0.13507625272331156,
  "pct_waited_over_60s": 0.002178649237472767,
  "left_behind_count": 0,
  "left_behind_rate": 0.0,
  "transported_count": 459,
  "throughput_per_hour": 459.0,
  "evaluated_passenger_count": 459
}