{
  "scheduler_type": "nearest_car",
  "seed": 45,
  "average_waiting_time": 17.48077777777758,
  "median_waiting_time": 16.348500000000115,
  "p95_waiting_time": 36.37965000000007,
  "max_waiting_time": 49.59600000000023,
  "average_ride_time": 21.307111111111,
  "average_total_service_time": 38.787888888888574,
  "pct_waited_over_30s": 0.14222222222222222,
  "pct_waited_over_60s": 0.0,
  "left_behind_count": 0,
  "left_behind_rate": 0.0,
  "transported_count": 450,
  "throughput_per_hour": 450.0,
  "evaluated_passenger_count": 450
}