car_id,total_distance_floors,empty_distance_floors,loaded_distance_floors,stop_count,door_open_count,average_load,average_occupancy_rate,busy_seconds,idle_seconds
C1,1038.0,483.0,555.0,284,284,0.6367864430382177,0.04245242953588118,3932.499999999981,3621.9950000000154
C2,274.0,134.0,140.0,73,73,0.13256115291528195,0.00883741019435213,1026.7000000000012,6308.028000000005
C3,74.0,37.0,37.0,17,17,0.05623215083153788,0.0037488100554358586,263.69999999999993,5023.3110000000015
