car_id,total_distance_floors,empty_distance_floors,loaded_distance_floors,stop_count,door_open_count,average_load,average_occupancy_rate,busy_seconds,idle_seconds
C1,1082.0,520.0,562.0,266,266,0.6146534819051336,0.040976898793675574,3957.099999999981,3600.81700000001
C2,314.0,148.0,166.0,87,87,0.16949226831817463,0.011299484554544974,1192.800000000001,6336.157000000004
C3,50.0,22.0,28.0,11,11,0.05329107417327306,0.0035527382782182043,176.79999999999995,4961.021000000001
