car_id,total_distance_floors,empty_distance_floors,loaded_distance_floors,stop_count,door_open_count,average_load,average_occupancy_rate,busy_seconds,idle_seconds
C1,904.0,345.0,559.0,268,268,1.1450906054099261,0.07633937369399507,3557.5999999999885,329.254000000013
C2,812.0,359.0,453.0,231,231,0.8707909661415002,0.05805273107610001,3141.299999999992,810.8540000000094
C3,734.0,293.0,441.0,217,217,1.1732136729251375,0.07821424486167583,2891.5999999999945,1007.4340000000112
