car_id,total_distance_floors,empty_distance_floors,loaded_distance_floors,stop_count,door_open_count,average_load,average_occupancy_rate,busy_seconds,idle_seconds
C1,882.0,362.0,520.0,268,268,1.1227505083449505,0.07485003388966337,3500.2999999999893,427.64300000001174
C2,792.0,317.0,475.0,251,251,1.0107143536815102,0.06738095691210068,3192.6999999999903,748.2750000000137
C3,784.0,333.0,451.0,222,222,0.8068815683817673,0.053792104558784484,3027.4999999999936,796.9770000000103
