{
  "myopic": {
    "average_waiting_time_mean": 14.978888825205624,
    "average_waiting_time_std": 0.5751253361923475,
    "average_waiting_time_ci95_low": 14.817853731071766,
    "average_waiting_time_ci95_high": 15.139923919339482,
    "median_waiting_time_mean": 14.352549999999997,
    "median_waiting_time_std": 0.9219399180532554,
    "median_waiting_time_ci95_low": 14.094406822945086,
    "median_waiting_time_ci95_high": 14.610693177054909,
    "p95_waiting_time_mean": 29.30018299999987,
    "p95_waiting_time_std": 1.7551517917152362,
    "p95_waiting_time_ci95_low": 28.808740498319604,
    "p95_waiting_time_ci95_high": 29.791625501680134,
    "max_waiting_time_mean": 39.47211999999965,
    "max_waiting_time_std": 3.562750648810479,
    "max_waiting_time_ci95_low": 38.47454981833271,
    "max_waiting_time_ci95_high": 40.469690181666586,
    "average_ride_time_mean": 18.462514180926853,
    "average_ride_time_std": 0.6773454436614176,
    "average_ride_time_ci95_low": 18.272857456701654,
    "average_ride_time_ci95_high": 18.65217090515205,
    "average_total_service_time_mean": 33.441403006132475,
    "average_total_service_time_std": 1.0453205063535211,
    "average_total_service_time_ci95_low": 33.14871326435349,
    "average_total_service_time_ci95_high": 33.73409274791146,
    "pct_waited_over_30s_mean": 0.046840742964137844,
    "pct_waited_over_30s_std": 0.01617919238002143,
    "pct_waited_over_30s_ci95_low": 0.04231056909773184,
    "pct_waited_over_30s_ci95_high": 0.051370916830543845,
    "pct_waited_over_60s_mean": 0.0,
    "pct_waited_over_60s_std": 0.0,
    "pct_waited_over_60s_ci95_low": 0.0,
    "pct_waited_over_60s_ci95_high": 0.0,
    "left_behind_count_mean": 0.0,
    "left_behind_count_std": 0.0,
    "left_behind_count_ci95_low": 0.0,
    "left_behind_count_ci95_high": 0.0,
    "left_behind_rate_mean": 0.0,
    "left_behind_rate_std": 0.0,
    "left_behind_rate_ci95_low": 0.0,
    "left_behind_rate_ci95_high": 0.0,
    "transported_count_mean": 192.6,
    "transported_count_std": 13.313151392514095,
    "transported_count_ci95_low": 188.87231761009605,
    "transported_count_ci95_high": 196.32768238990394,
    "throughput_per_hour_mean": 96.3,
    "throughput_per_hour_std": 6.656575696257048,
    "throughput_per_hour_ci95_low": 94.43615880504802,
    "throughput_per_hour_ci95_high": 98.16384119495197,
    "evaluated_passenger_count_mean": 192.6,
    "evaluated_passenger_count_std": 13.313151392514095,
    "evaluated_passenger_count_ci95_low": 188.87231761009605,
    "evaluated_passenger_count_ci95_high": 196.32768238990394,
    "n_runs": 50,
    "empty_distance_mean": 593.76,
    "empty_distance_std": 43.88783886226343,
    "empty_distance_ci95_low": 581.4714051185663,
    "empty_distance_ci95_high": 606.0485948814337,
    "stop_count_mean": 349.72,
    "stop_count_std": 22.782484500159327,
    "stop_count_ci95_low": 343.34090433995544,
    "stop_count_ci95_high": 356.0990956600446,
    "total_distance_mean": 1286.0,
    "total_distance_std": 89.53837166265644,
    "total_distance_ci95_low": 1260.9292559344563,
    "total_distance_ci95_high": 1311.0707440655437
  },
  "predictive": {
    "average_waiting_time_mean": 13.80997725676602,
    "average_waiting_time_std": 0.4968298457560014,
    "average_waiting_time_ci95_low": 13.67086489995434,
    "average_waiting_time_ci95_high": 13.9490896135777,
    "median_waiting_time_mean": 13.191769999999957,
    "median_waiting_time_std": 1.0422801984590686,
    "median_waiting_time_ci95_low": 12.899931544431418,
    "median_waiting_time_ci95_high": 13.483608455568497,
    "p95_waiting_time_mean": 25.192204999999834,
    "p95_waiting_time_std": 2.0075872362179044,
    "p95_waiting_time_ci95_low": 24.63008057385882,
    "p95_waiting_time_ci95_high": 25.75432942614085,
    "max_waiting_time_mean": 38.68785999999983,
    "max_waiting_time_std": 4.843969075087006,
    "max_waiting_time_ci95_low": 37.33154865897547,
    "max_waiting_time_ci95_high": 40.04417134102419,
    "average_ride_time_mean": 16.53125253478326,
    "average_ride_time_std": 0.4781584870152893,
    "average_ride_time_ci95_low": 16.397368158418978,
    "average_ride_time_ci95_high": 16.665136911147542,
    "average_total_service_time_mean": 30.341229791549278,
    "average_total_service_time_std": 0.8396173413473075,
    "average_total_service_time_ci95_low": 30.10613693597203,
    "average_total_service_time_ci95_high": 30.576322647126524,
    "pct_waited_over_30s_mean": 0.024298856439070884,
    "pct_waited_over_30s_std": 0.012142596825474037,
    "pct_waited_over_30s_ci95_low": 0.020898929327938156,
    "pct_waited_over_30s_ci95_high": 0.027698783550203613,
    "pct_waited_over_60s_mean": 0.0,
    "pct_waited_over_60s_std": 0.0,
    "pct_waited_over_60s_ci95_low": 0.0,
    "pct_waited_over_60s_ci95_high": 0.0,
    "left_behind_count_mean": 0.0,
    "left_behind_count_std": 0.0,
    "left_behind_count_ci95_low": 0.0,
    "left_behind_count_ci95_high": 0.0,
    "left_behind_rate_mean": 0.0,
    "left_behind_rate_std": 0.0,
    "left_behind_rate_ci95_low": 0.0,
    "left_behind_rate_ci95_high": 0.0,
    "transported_count_mean": 192.6,
    "transported_count_std": 13.313151392514095,
    "transported_count_ci95_low": 188.87231761009605,
    "transported_count_ci95_high": 196.32768238990394,
    "throughput_per_hour_mean": 96.3,
    "throughput_per_hour_std": 6.656575696257048,
    "throughput_per_hour_ci95_low": 94.43615880504802,
    "throughput_per_hour_ci95_high": 98.16384119495197,
    "evaluated_passenger_count_mean": 192.6,
    "evaluated_passenger_count_std": 13.313151392514095,
    "evaluated_passenger_count_ci95_low": 188.87231761009605,
    "evaluated_passenger_count_ci95_high": 196.32768238990394,
    "n_runs": 50,
    "empty_distance_mean": 708.54,
    "empty_distance_std": 50.94750631777771,
    "empty_distance_ci95_low": 694.2746982310222,
    "empty_distance_ci95_high": 722.8053017689778,
    "stop_count_mean": 377.48,
    "stop_count_std": 24.271168080667234,
    "stop_count_ci95_low": 370.6840729374132,
    "stop_count_ci95_high": 384.27592706258685,
    "total_distance_mean": 1460.12,
    "total_distance_std": 101.86533070677187,
    "total_distance_ci95_low": 1431.5977074021039,
    "total_distance_ci95_high": 1488.642292597896
  },
  "prescient": {
    "average_waiting_time_mean": 14.415001302657611,
    "average_waiting_time_std": 0.5307418940202469,
    "average_waiting_time_ci95_low": 14.266393572331943,
    "average_waiting_time_ci95_high": 14.56360903298328,
    "median_waiting_time_mean": 13.823669999999984,
    "median_waiting_time_std": 1.1099527314710393,
    "median_waiting_time_ci95_low": 13.512883235188093,
    "median_waiting_time_ci95_high": 14.134456764811874,
    "p95_waiting_time_mean": 27.824451999999834,
    "p95_waiting_time_std": 1.7591157891384661,
    "p95_waiting_time_ci95_low": 27.331899579041064,
    "p95_waiting_time_ci95_high": 28.317004420958604,
    "max_waiting_time_mean": 42.35207999999979,
    "max_waiting_time_std": 5.724674617268634,
    "max_waiting_time_ci95_low": 40.74917110716457,
    "max_waiting_time_ci95_high": 43.954988892835004,
    "average_ride_time_mean": 17.460700168245534,
    "average_ride_time_std": 0.5700814871563994,
    "average_ride_time_ci95_low": 17.30107735184174,
    "average_ride_time_ci95_high": 17.620322984649327,
    "average_total_service_time_mean": 31.87570147090314,
    "average_total_service_time_std": 0.9233992018036016,
    "average_total_service_time_ci95_low": 31.617149694398133,
    "average_total_service_time_ci95_high": 32.13425324740815,
    "pct_waited_over_30s_mean": 0.03626112401775537,
    "pct_waited_over_30s_std": 0.013925134573367545,
    "pct_waited_over_30s_ci95_low": 0.03236208633721246,
    "pct_waited_over_30s_ci95_high": 0.04016016169829829,
    "pct_waited_over_60s_mean": 0.0,
    "pct_waited_over_60s_std": 0.0,
    "pct_waited_over_60s_ci95_low": 0.0,
    "pct_waited_over_60s_ci95_high": 0.0,