{
  "scheduler_type": "predictive",
  "seed": 69,
  "average_waiting_time": 18.608207048458016,
  "median_waiting_time": 17.425500000000056,
  "p95_waiting_time": 34.902749999999735,
  "max_waiting_time": 49.29100000000017,
  "average_ride_time": 25.848017621145246,
  "average_total_service_time": 44.45622466960326,
  "pct_waited_over_30s": 0.14317180616740088,
  "pct_waited_over_60s": 0.0,
  "left_behind_count": 0,
  "left_behind_rate": 0.0,
  "transported_count": 454,
  "throughput_per_hour": 454.0,
  "evaluated_passenger_count": 454
}