car_id,total_distance_floors,empty_distance_floors,loaded_distance_floors,stop_count,door_open_count,average_load,average_occupancy_rate,busy_seconds,idle_seconds
C1,1014.0,487.0,527.0,254,254,0.6075457805083924,0.040503052033892824,3731.699999999984,3794.811000000011
C2,218.0,109.0,109.0,60,60,0.12709185175841756,0.008472790117227838,825.3000000000008,5976.867000000002
C3,20.0,10.0,10.0,8,8,0.014614988826435901,0.0009743325884290601,87.2,6577.191
