{
  "scheduler_type": "prescient",
  "seed": 3,
  "average_waiting_time": 15.015459302325532,
  "median_waiting_time": 15.0,
  "p95_waiting_time": 28.787549999999943,
  "max_waiting_time": 37.014000000000124,
  "average_ride_time": 17.16162790697663,
  "average_total_service_time": 32.17708720930216,
  "pct_waited_over_30s": 0.040697674418604654,
  "pct_waited_over_60s": 0.0,
  "left_behind_count": 0,
  "left_behind_rate": 0.0,
  "transported_count": 172,
  "throughput_per_hour": 86.0,
  "evaluated_passenger_count": 172
}