car_id,total_distance_floors,empty_distance_floors,loaded_distance_floors,stop_count,door_open_count,average_load,average_occupancy_rate,busy_seconds,idle_seconds
C1,494.0,247.0,247.0,122,122,0.2238511490597069,0.014923409937313793,1802.9,5741.399000000002
C2,492.0,239.0,253.0,121,121,0.24994370368642413,0.016662913579094944,1795.9000000000003,5748.999000000004
C3,410.0,199.0,211.0,106,106,0.2308046594943995,0.015386977299626632,1520.5000000000007,6009.244000000003
