{
  "scheduler_type": "predictive",
  "seed": 25,
  "average_waiting_time": 14.662534090909027,
  "median_waiting_time": 13.259999999999764,
  "p95_waiting_time": 29.900999999999954,
  "max_waiting_time": 39.76899999999978,
  "average_ride_time": 16.276136363636287,
  "average_total_service_time": 30.938670454545317,
  "pct_waited_over_30s": 0.05113636363636364,
  "pct_waited_over_60s": 0.0,
  "left_behind_count": 0,
  "left_behind_rate": 0.0,
  "transported_count": 176,
  "throughput_per_hour": 88.0,
  "evaluated_passenger_count": 176
}