car_id,total_distance_floors,empty_distance_floors,loaded_distance_floors,stop_count,door_open_count,average_load,average_occupancy_rate,busy_seconds,idle_seconds
C1,932.0,401.0,531.0,269,269,0.9925438355599221,0.06616958903732814,3629.39999999999,321.5590000000093
C2,820.0,319.0,501.0,259,259,1.0152292006906816,0.0676819467127121,3299.4999999999914,633.9960000000112
C3,710.0,293.0,417.0,225,225,0.9803388901019087,0.06535592600679391,2867.399999999996,1071.3400000000101
