car_id,total_distance_floors,empty_distance_floors,loaded_distance_floors,stop_count,door_open_count,average_load,average_occupancy_rate,busy_seconds,idle_seconds
C1,900.0,311.0,589.0,289,289,1.6369953118412806,0.10913302078941871,3682.9999999999873,254.58000000001334
C2,732.0,264.0,468.0,248,248,1.2575263930927574,0.08383509287285049,3045.8999999999933,897.5560000000106
C3,418.0,181.0,237.0,156,156,0.589705872988581,0.039313724865905404,1797.5000000000027,2128.5250000000087
