car_id,total_distance_floors,empty_distance_floors,loaded_distance_floors,stop_count,door_open_count,average_load,average_occupancy_rate,busy_seconds,idle_seconds
C1,862.0,316.0,546.0,268,268,1.395286117550548,0.09301907450336987,3477.0999999999876,438.4410000000134
C2,800.0,291.0,509.0,248,248,1.3164033250840765,0.08776022167227177,3211.3999999999937,728.3500000000103
C3,566.0,244.0,322.0,176,176,0.5936093690928462,0.039573957939523084,2262.1999999999994,1655.1910000000073
