car_id,total_distance_floors,empty_distance_floors,loaded_distance_floors,stop_count,door_open_count,average_load,average_occupancy_rate,busy_seconds,idle_seconds
C1,508.0,253.0,255.0,125,125,0.2409228190151805,0.0160615212676787,1854.8000000000002,5661.300000000003
C2,516.0,245.0,271.0,119,119,0.29522563896707055,0.01968170926447137,1848.2000000000005,5523.111000000005
C3,442.0,220.0,222.0,119,119,0.2396936109329946,0.01597957406219964,1659.6,5676.432000000002
