{
  "scheduler_type": "predictive",
  "seed": 31,
  "average_waiting_time": 14.201336898395708,
  "median_waiting_time": 14.830999999999221,
  "p95_waiting_time": 25.24079999999986,
  "max_waiting_time": 35.15799999999945,
  "average_ride_time": 17.086631016042713,
  "average_total_service_time": 31.28796791443842,
  "pct_waited_over_30s": 0.03208556149732621,
  "pct_waited_over_60s": 0.0,
  "left_behind_count": 0,
  "left_behind_rate": 0.0,
  "transported_count": 187,
  "throughput_per_hour": 93.5,
  "evaluated_passenger_count": 187
}