car_id,total_distance_floors,empty_distance_floors,loaded_distance_floors,stop_count,door_open_count,average_load,average_occupancy_rate,busy_seconds,idle_seconds
C1,1130.0,541.0,589.0,285,285,0.6256840644093246,0.04171227096062164,4167.099999999979,3376.9630000000107
C2,410.0,196.0,214.0,104,104,0.24964993610020464,0.016643329073346976,1512.1000000000001,5816.562000000003
C3,48.0,24.0,24.0,16,16,0.025307799481152225,0.001687186632076815,194.39999999999995,5084.6050000000005
