car_id,total_distance_floors,empty_distance_floors,loaded_distance_floors,stop_count,door_open_count,average_load,average_occupancy_rate,busy_seconds,idle_seconds
C1,460.0,222.0,238.0,115,115,0.2657528517258171,0.01771685678172114,1688.3000000000009,5766.747000000001
C2,528.0,256.0,272.0,128,128,0.2763398155969036,0.018422654373126908,1919.1000000000001,5595.1990000000005
C3,486.0,237.0,249.0,123,123,0.23079138033913313,0.015386092022608875,1788.9,5323.583999999999
