{
  "scheduler_type": "predictive",
  "seed": 34,
  "average_waiting_time": 14.055016949152511,
  "median_waiting_time": 14.888000000000034,
  "p95_waiting_time": 22.962799999999696,
  "max_waiting_time": 38.449000000000524,
  "average_ride_time": 16.462146892655344,
  "average_total_service_time": 30.517163841807857,
  "pct_waited_over_30s": 0.01694915254237288,
  "pct_waited_over_60s": 0.0,
  "left_behind_count": 0,
  "left_behind_rate": 0.0,
  "transported_count": 177,
  "throughput_per_hour": 88.5,
  "evaluated_passenger_count": 177
}