car_id,total_distance_floors,empty_distance_floors,loaded_distance_floors,stop_count,door_open_count,average_load,average_occupancy_rate,busy_seconds,idle_seconds
C1,910.0,346.0,564.0,294,294,1.6019978839517515,0.10679985893011676,3731.8999999999864,191.4510000000147
C2,726.0,248.0,478.0,234,234,1.2913565250769836,0.08609043500513223,2958.3999999999946,970.1820000000126
C3,504.0,208.0,296.0,157,157,0.6400225709924392,0.04266817139949595,2022.1000000000022,1890.8870000000068
