car_id,total_distance_floors,empty_distance_floors,loaded_distance_floors,stop_count,door_open_count,average_load,average_occupancy_rate,busy_seconds,idle_seconds
C1,876.0,320.0,556.0,270,270,1.4798498653747478,0.09865665769164986,3526.2999999999884,413.89700000001267
C2,796.0,280.0,516.0,231,231,1.5938301766541891,0.10625534511027927,3145.2999999999943,771.0520000000088
C3,566.0,245.0,321.0,184,184,0.7026416058756876,0.04684277372504584,2302.499999999999,1641.6160000000086
