car_id,total_distance_floors,empty_distance_floors,loaded_distance_floors,stop_count,door_open_count,average_load,average_occupancy_rate,busy_seconds,idle_seconds
C1,910.0,361.0,549.0,282,282,1.2203470162811028,0.08135646775207352,3644.3999999999874,296.85600000001426
C2,822.0,359.0,463.0,272,272,0.8860304586770369,0.05906869724513579,3359.099999999989,581.0580000000128
C3,676.0,298.0,378.0,211,211,0.6833971526053826,0.04555981017369217,2699.599999999996,1221.1070000000116
