car_id,total_distance_floors,empty_distance_floors,loaded_distance_floors,stop_count,door_open_count,average_load,average_occupancy_rate,busy_seconds,idle_seconds
C1,890.0,398.0,492.0,264,264,0.9342153696973643,0.062281024646490955,3495.1999999999884,419.5290000000117
C2,878.0,341.0,537.0,250,250,1.1375553256947624,0.07583702171298416,3404.099999999988,508.41300000001297
C3,766.0,320.0,446.0,217,217,0.854988928008195,0.056999261867213005,2957.6999999999935,961.6490000000131
