car_id,total_distance_floors,empty_distance_floors,loaded_distance_floors,stop_count,door_open_count,average_load,average_occupancy_rate,busy_seconds,idle_seconds
C1,1110.0,530.0,580.0,278,278,0.7417676720639705,0.049451178137598036,4089.299999999981,3426.8000000000116
C2,144.0,70.0,74.0,55,55,0.09404725966257342,0.006269817310838228,617.7000000000002,6762.632000000003
C3,8.0,4.0,4.0,4,4,0.010042321560498769,0.0006694881040332513,38.6,4064.0370000000003
