car_id,total_distance_floors,empty_distance_floors,loaded_distance_floors,stop_count,door_open_count,average_load,average_occupancy_rate,busy_seconds,idle_seconds
C1,906.0,384.0,522.0,261,261,0.9405348305538862,0.06270232203692575,3522.399999999987,368.3650000000164
C2,848.0,348.0,500.0,251,251,0.9120667924818684,0.06080445283212456,3334.09999999999,590.1740000000133
C3,692.0,284.0,408.0,218,218,0.8809641548296774,0.058730943655311826,2786.2999999999947,1031.6760000000104
