{
  "scheduler_type": "prescient",
  "seed": 65,
  "average_waiting_time": 18.02316289592735,
  "median_waiting_time": 17.5,
  "p95_waiting_time": 34.80235000000006,
  "max_waiting_time": 56.293999999999414,
  "average_ride_time": 21.777149321266837,
  "average_total_service_time": 39.80031221719418,
  "pct_waited_over_30s": 0.11990950226244344,
  "pct_waited_over_60s": 0.0,
  "left_behind_count": 0,
  "left_behind_rate": 0.0,
  "transported_count": 442,
  "throughput_per_hour": 442.0,
  "evaluated_passenger_count": 442
}