car_id,total_distance_floors,empty_distance_floors,loaded_distance_floors,stop_count,door_open_count,average_load,average_occupancy_rate,busy_seconds,idle_seconds
C1,834.0,334.0,500.0,267,267,1.2285659228505739,0.08190439485670492,3389.3999999999883,533.7920000000128
C2,790.0,292.0,498.0,240,240,1.189805710445083,0.07932038069633887,3148.9999999999914,707.5120000000124
C3,754.0,287.0,467.0,234,234,1.0824518446387401,0.07216345630924934,3022.599999999992,869.490000000012
