car_id,total_distance_floors,empty_distance_floors,loaded_distance_floors,stop_count,door_open_count,average_load,average_occupancy_rate,busy_seconds,idle_seconds
C1,896.0,385.0,511.0,253,253,0.9327915567389545,0.062186103782596966,3455.1999999999884,481.4780000000128
C2,876.0,382.0,494.0,254,254,1.0347921299763172,0.06898614199842115,3423.19999999999,460.09200000001
C3,738.0,323.0,415.0,234,234,0.8815572397817005,0.05877048265211337,2972.7999999999925,884.6920000000111
