car_id,total_distance_floors,empty_distance_floors,loaded_distance_floors,stop_count,door_open_count,average_load,average_occupancy_rate,busy_seconds,idle_seconds
C1,1154.0,546.0,608.0,287,287,0.6954113787847298,0.046360758585648656,4242.599999999982,3308.4700000000093
C2,200.0,99.0,101.0,61,61,0.10305481933887728,0.006870321289258486,784.3000000000009,6734.999000000001
C3,10.0,5.0,5.0,4,4,0.009233977147913944,0.0006155984765275963,43.6,4688.9220000000005
