{
  "scheduler_type": "myopic",
  "seed": 19,
  "average_waiting_time": 15.313820105820062,
  "median_waiting_time": 15.0,
  "p95_waiting_time": 28.29099999999962,
  "max_waiting_time": 35.57499999999936,
  "average_ride_time": 17.62010582010573,
  "average_total_service_time": 32.93392592592579,
  "pct_waited_over_30s": 0.031746031746031744,
  "pct_waited_over_60s": 0.0,
  "left_behind_count": 0,
  "left_behind_rate": 0.0,
  "transported_count": 189,
  "throughput_per_hour": 94.5,
  "evaluated_passenger_count": 189
}