car_id,total_distance_floors,empty_distance_floors,loaded_distance_floors,stop_count,door_open_count,average_load,average_occupancy_rate,busy_seconds,idle_seconds
C1,864.0,313.0,551.0,282,282,1.420306247294265,0.09468708315295099,3547.499999999989,358.5590000000122
C2,788.0,327.0,461.0,241,241,1.0231222049889304,0.06820814699926202,3146.2999999999897,776.9850000000142
C3,436.0,191.0,245.0,139,139,0.5162782095880828,0.03441854730587219,1761.2000000000016,2110.3560000000048
