{
  "scheduler_type": "myopic",
  "seed": 47,
  "average_waiting_time": 14.78116666666663,
  "median_waiting_time": 12.5,
  "p95_waiting_time": 32.17099999999982,
  "max_waiting_time": 39.435999999999694,
  "average_ride_time": 17.610215053763312,
  "average_total_service_time": 32.39138172042994,
  "pct_waited_over_30s": 0.0913978494623656,
  "pct_waited_over_60s": 0.0,
  "left_behind_count": 0,
  "left_behind_rate": 0.0,
  "transported_count": 186,
  "throughput_per_hour": 93.0,
  "evaluated_passenger_count": 186
}