car_id,total_distance_floors,empty_distance_floors,loaded_distance_floors,stop_count,door_open_count,average_load,average_occupancy_rate,busy_seconds,idle_seconds
C1,874.0,314.0,560.0,286,286,1.5950128190406687,0.10633418793604459,3596.4999999999873,339.83200000001193
C2,814.0,303.0,511.0,259,259,1.273111242640922,0.08487408284272813,3301.199999999991,625.244000000013
C3,478.0,181.0,297.0,179,179,0.7827101519022713,0.05218067679348475,2063.9000000000015,1755.2660000000055
