{
  "scheduler_type": "myopic",
  "seed": 52,
  "average_waiting_time": 17.06454526748942,
  "median_waiting_time": 15.578500000000417,
  "p95_waiting_time": 36.08399999999972,
  "max_waiting_time": 56.5890000000004,
  "average_ride_time": 27.449588477366138,
  "average_total_service_time": 44.51413374485556,
  "pct_waited_over_30s": 0.11522633744855967,
  "pct_waited_over_60s": 0.0,
  "left_behind_count": 0,
  "left_behind_rate": 0.0,
  "transported_count": 486,
  "throughput_per_hour": 486.00000000000006,
  "evaluated_passenger_count": 486
}