car_id,total_distance_floors,empty_distance_floors,loaded_distance_floors,stop_count,door_open_count,average_load,average_occupancy_rate,busy_seconds,idle_seconds
C1,892.0,383.0,509.0,261,261,0.8681674922365533,0.05787783281577022,3482.09999999999,403.09500000001054
C2,812.0,312.0,500.0,262,262,1.179419957061606,0.0786279971374404,3298.69999999999,598.0460000000114
C3,774.0,313.0,461.0,227,227,0.907739626683807,0.0605159751122538,3028.6999999999925,916.3740000000101
