{
  "scheduler_type": "prescient",
  "seed": 71,
  "average_waiting_time": 17.285128540304825,
  "median_waiting_time": 16.478000000000065,
  "p95_waiting_time": 35.151900000000325,
  "max_waiting_time": 51.431000000000154,
  "average_ride_time": 23.354684095860474,
  "average_total_service_time": 40.639812636165296,
  "pct_waited_over_30s": 0.10675381263616558,
  "pct_waited_over_60s": 0.0,
  "left_behind_count": 0,
  "left_behind_rate": 0.0,
  "transported_count": 459,
  "throughput_per_hour": 459.0,
  "evaluated_passenger_count": 459
}