{
  "scheduler_type": "predictive",
  "seed": 91,
  "average_waiting_time": 18.347201244812794,
  "median_waiting_time": 17.5,
  "p95_waiting_time": 36.19409999999802,
  "max_waiting_time": 57.077000000001135,
  "average_ride_time": 27.221161825726025,
  "average_total_service_time": 45.568363070538815,
  "pct_waited_over_30s": 0.12655601659751037,
  "pct_waited_over_60s": 0.0,
  "left_behind_count": 0,
  "left_behind_rate": 0.0,
  "transported_count": 482,
  "throughput_per_hour": 482.0,
  "evaluated_passenger_count": 482
}