{
  "scheduler_type": "myopic",
  "seed": 44,
  "average_waiting_time": 17.034436559139465,
  "median_waiting_time": 15.142999999998665,
  "p95_waiting_time": 35.406199999999764,
  "max_waiting_time": 53.78299999999808,
  "average_ride_time": 27.25053763440844,
  "average_total_service_time": 44.2849741935479,
  "pct_waited_over_30s": 0.11612903225806452,
  "pct_waited_over_60s": 0.0,
  "left_behind_count": 0,
  "left_behind_rate": 0.0,
  "transported_count": 465,
  "throughput_per_hour": 465.00000000000006,
  "evaluated_passenger_count": 465
}