car_id,total_distance_floors,empty_distance_floors,loaded_distance_floors,stop_count,door_open_count,average_load,average_occupancy_rate,busy_seconds,idle_seconds
C1,884.0,338.0,546.0,269,269,1.3047303341817575,0.08698202227878384,3529.899999999989,383.62900000001093
C2,802.0,313.0,489.0,249,249,1.1633137853192423,0.07755425235461616,3232.299999999993,697.8520000000127
C3,498.0,211.0,287.0,150,150,0.5492529413415357,0.03661686275610238,1967.000000000002,1917.3670000000052
