{
  "scheduler_type": "myopic",
  "seed": 86,
  "average_waiting_time": 18.20924772727241,
  "median_waiting_time": 17.015499999999065,
  "p95_waiting_time": 36.13580000000023,
  "max_waiting_time": 56.171000000000504,
  "average_ride_time": 25.135681818181705,
  "average_total_service_time": 43.344929545454114,
  "pct_waited_over_30s": 0.15,
  "pct_waited_over_60s": 0.0,
  "left_behind_count": 0,
  "left_behind_rate": 0.0,
  "transported_count": 440,
  "throughput_per_hour": 440.0,
  "evaluated_passenger_count": 440
}