car_id,total_distance_floors,empty_distance_floors,loaded_distance_floors,stop_count,door_open_count,average_load,average_occupancy_rate,busy_seconds,idle_seconds
C1,906.0,432.0,474.0,244,244,0.5780569630547189,0.038537130870314594,3415.7999999999856,4029.8330000000115
C2,276.0,132.0,144.0,83,83,0.1568943844955555,0.010459625633037034,1079.2000000000012,5995.623000000003
C3,26.0,9.0,17.0,10,10,0.030435043397706033,0.0020290028931804023,111.80000000000001,6640.285000000001
