{
  "scheduler_type": "prescient",
  "seed": 35,
  "average_waiting_time": 13.432191011235883,
  "median_waiting_time": 12.845999999999322,
  "p95_waiting_time": 24.912299999999437,
  "max_waiting_time": 32.896999999999025,
  "average_ride_time": 17.074157303370637,
  "average_total_service_time": 30.506348314606523,
  "pct_waited_over_30s": 0.016853932584269662,
  "pct_waited_over_60s": 0.0,
  "left_behind_count": 0,
  "left_behind_rate": 0.0,
  "transported_count": 178,
  "throughput_per_hour": 89.0,
  "evaluated_passenger_count": 178
}