car_id,total_distance_floors,empty_distance_floors,loaded_distance_floors,stop_count,door_open_count,average_load,average_occupancy_rate,busy_seconds,idle_seconds
C1,988.0,469.0,519.0,255,255,0.5666074489021727,0.03777382992681152,3670.6999999999857,3827.6130000000044
C2,276.0,126.0,150.0,69,69,0.19697662939042834,0.013131775292695222,1015.4000000000011,6190.531000000002
C3,82.0,41.0,41.0,18,18,0.045706165379116925,0.0030470776919411286,288.69999999999993,5566.090000000001
