{
  "scheduler_type": "prescient",
  "seed": 49,
  "average_waiting_time": 14.678707182320405,
  "median_waiting_time": 15.0,
  "p95_waiting_time": 26.135999999999513,
  "max_waiting_time": 37.99599999999964,
  "average_ride_time": 17.785635359115947,
  "average_total_service_time": 32.46434254143635,
  "pct_waited_over_30s": 0.016574585635359115,
  "pct_waited_over_60s": 0.0,
  "left_behind_count": 0,
  "left_behind_rate": 0.0,
  "transported_count": 181,
  "throughput_per_hour": 90.5,
  "evaluated_passenger_count": 181
}