car_id,total_distance_floors,empty_distance_floors,loaded_distance_floors,stop_count,door_open_count,average_load,average_occupancy_rate,busy_seconds,idle_seconds
C1,880.0,346.0,534.0,290,290,1.4947130204858672,0.09964753469905781,3626.5999999999876,309.6740000000133
C2,738.0,292.0,446.0,236,236,1.0358920717790088,0.06905947145193392,2996.4999999999927,900.2380000000106
C3,428.0,171.0,257.0,160,160,0.6217312862005907,0.041448752413372716,1841.7000000000016,1904.6130000000076
