{
  "scheduler_type": "myopic",
  "seed": 65,
  "average_waiting_time": 17.140122171945375,
  "median_waiting_time": 15.777499999999236,
  "p95_waiting_time": 34.200899999998775,
  "max_waiting_time": 49.81300000000033,
  "average_ride_time": 25.188009049773637,
  "average_total_service_time": 42.32813122171901,
  "pct_waited_over_30s": 0.11538461538461539,
  "pct_waited_over_60s": 0.0,
  "left_behind_count": 0,
  "left_behind_rate": 0.0,
  "transported_count": 442,
  "throughput_per_hour": 442.0,
  "evaluated_passenger_count": 442
}