{
  "scheduler_type": "prescient",
  "seed": 44,
  "average_waiting_time": 17.53943225806413,
  "median_waiting_time": 16.089999999999918,
  "p95_waiting_time": 35.709399999999825,
  "max_waiting_time": 62.07899999999972,
  "average_ride_time": 25.417204301075117,
  "average_total_service_time": 42.95663655913924,
  "pct_waited_over_30s": 0.11182795698924732,
  "pct_waited_over_60s": 0.002150537634408602,
  "left_behind_count": 0,
  "left_behind_rate": 0.0,
  "transported_count": 465,
  "throughput_per_hour": 465.00000000000006,
  "evaluated_passenger_count": 465
}